fixture_id,event_date,goal_ts,match_seconds,scoring_side,home_score,away_score,lsports_update_time,polymarket_price_reaction_time,lsports_vs_polymarket_latency_sec,price_jump_magnitude,market_stale_window_sec
15901017,2026-05-24,2026-05-24 15:31:28.205153300+00:00,0,home,1,0,2026-05-24 15:31:28.205153300+00:00,,,,
16012237,2026-05-24,2026-05-24 17:34:17.532121500+00:00,180,away,0,1,2026-05-24 17:34:17.532121500+00:00,,,,
16012237,2026-05-24,2026-05-24 18:04:51.549204400+00:00,1980,home,1,1,2026-05-24 18:04:51.549204400+00:00,,,,
16012237,2026-05-24,2026-05-24 18:07:55.566763300+00:00,2160,home,2,1,2026-05-24 18:07:55.566763300+00:00,,,,
16012237,2026-05-24,2026-05-24 19:26:56.963235300+00:00,0,away,2,2,2026-05-24 19:26:56.963235300+00:00,,,,
16068930,2026-05-24,2026-05-24 15:23:32.406467300+00:00,1380,home,1,0,2026-05-24 15:23:32.406467300+00:00,,,,
16068930,2026-05-24,2026-05-24 16:06:49.497610100+00:00,2760,away,1,1,2026-05-24 16:06:49.497610100+00:00,,,,
16068930,2026-05-24,2026-05-24 16:21:21.222618400+00:00,3660,away,1,2,2026-05-24 16:21:21.222618400+00:00,,,,
16086585,2026-05-24,2026-05-24 16:41:44.010784700+00:00,660,home,1,0,2026-05-24 16:41:44.010784700+00:00,,,,
16086585,2026-05-24,2026-05-24 16:51:19.467670+00:00,1260,home,2,0,2026-05-24 16:51:19.467670+00:00,,,,
16086585,2026-05-24,2026-05-24 16:53:20.623745300+00:00,1255,away,2,1,2026-05-24 16:53:20.623745300+00:00,,,,
16086585,2026-05-24,2026-05-24 18:29:42.983223300+00:00,0,home,3,1,2026-05-24 18:29:42.983223300+00:00,,,,
16086591,2026-05-24,2026-05-24 16:40:33.114063500+00:00,600,away,0,1,2026-05-24 16:40:33.114063500+00:00,,,,
16086591,2026-05-24,2026-05-24 17:03:42.237680+00:00,2040,away,0,2,2026-05-24 17:03:42.237680+00:00,,,,
16086592,2026-05-24,2026-05-24 17:10:57.080312500+00:00,2400,home,1,0,2026-05-24 17:10:57.080312500+00:00,,,,
16086592,2026-05-24,2026-05-24 18:04:07.390709500+00:00,4320,away,1,1,2026-05-24 18:04:07.390709500+00:00,,,,
16086598,2026-05-24,2026-05-24 16:39:34.214040400+00:00,548,home,1,0,2026-05-24 16:39:34.214040400+00:00,,,,
16086598,2026-05-24,2026-05-24 16:52:15.001892+00:00,1309,away,1,1,2026-05-24 16:52:15.001892+00:00,,,,
16086610,2026-05-24,2026-05-24 16:36:50.236499100+00:00,420,home,1,0,2026-05-24 16:36:50.236499100+00:00,,,,
16086610,2026-05-24,2026-05-24 18:12:03.040306400+00:00,4860,home,2,0,2026-05-24 18:12:03.040306400+00:00,,,,
16086610,2026-05-24,2026-05-24 18:28:09.872650800+00:00,0,home,3,0,2026-05-24 18:28:09.872650800+00:00,,,,
16086619,2026-05-24,2026-05-24 16:34:17.158291900+00:00,240,home,1,0,2026-05-24 16:34:17.158291900+00:00,,,,
16086619,2026-05-24,2026-05-24 16:45:54.917733700+00:00,900,home,2,0,2026-05-24 16:45:54.917733700+00:00,,,,
16086620,2026-05-24,2026-05-24 16:36:37.088747+00:00,360,away,0,1,2026-05-24 16:36:37.088747+00:00,,,,
16086620,2026-05-24,2026-05-24 17:10:07.228177400+00:00,2400,away,0,2,2026-05-24 17:10:07.228177400+00:00,,,,
16086621,2026-05-24,2026-05-24 16:34:23.078704500+00:00,240,home,1,0,2026-05-24 16:34:23.078704500+00:00,,,,
16086621,2026-05-24,2026-05-24 18:00:54.059939900+00:00,4200,away,1,1,2026-05-24 18:00:54.059939900+00:00,,,,
16086626,2026-05-24,2026-05-24 16:04:47.710932+00:00,240,home,1,0,2026-05-24 16:04:47.710932+00:00,,,,
16086626,2026-05-24,2026-05-24 16:33:35.181076500+00:00,1980,home,2,0,2026-05-24 16:33:35.181076500+00:00,,,,
16086626,2026-05-24,2026-05-24 17:47:43.474921100+00:00,0,home,3,0,2026-05-24 17:47:43.474921100+00:00,,,,
16086627,2026-05-24,2026-05-24 16:56:37.875746600+00:00,1560,home,1,0,2026-05-24 16:56:37.875746600+00:00,,,,
16086627,2026-05-24,2026-05-24 17:11:18.096632500+00:00,2460,away,1,1,2026-05-24 17:11:18.096632500+00:00,,,,
16086627,2026-05-24,2026-05-24 17:15:12.021519+00:00,2700,home,2,1,2026-05-24 17:15:12.021519+00:00,,,,
16086627,2026-05-24,2026-05-24 18:27:44.909550700+00:00,0,home,3,1,2026-05-24 18:27:44.909550700+00:00,,,,
16086629,2026-05-24,2026-05-24 19:29:37.668913500+00:00,1740,home,1,0,2026-05-24 19:29:37.668913500+00:00,,,,
16086629,2026-05-24,2026-05-24 19:33:43.276501800+00:00,1980,home,2,0,2026-05-24 19:33:43.276501800+00:00,,,,
16086629,2026-05-24,2026-05-24 19:40:33.196952700+00:00,2400,home,3,0,2026-05-24 19:40:33.196952700+00:00,,,,
16086629,2026-05-24,2026-05-24 19:42:54.243859500+00:00,2520,away,3,1,2026-05-24 19:42:54.243859500+00:00,,,,
16086629,2026-05-24,2026-05-24 19:45:14.529378700+00:00,2700,home,4,1,2026-05-24 19:45:14.529378700+00:00,,,,
16086629,2026-05-24,2026-05-24 20:52:42.963416600+00:00,0,home,5,1,2026-05-24 20:52:42.963416600+00:00,,,,
16099596,2026-05-24,2026-05-24 13:35:20.791592800+00:00,301,home,1,0,2026-05-24 13:35:20.791592800+00:00,,,,
16099596,2026-05-24,2026-05-24 13:53:59.970929500+00:00,1419,home,2,0,2026-05-24 13:53:59.970929500+00:00,,,,
16099596,2026-05-24,2026-05-24 15:19:59.817175100+00:00,0,home,3,0,2026-05-24 15:19:59.817175100+00:00,,,,
16111065,2026-05-24,2026-05-24 10:10:35.477060500+00:00,486,away,0,1,2026-05-24 10:10:35.477060500+00:00,,,,
16111065,2026-05-24,2026-05-24 10:29:05.240274+00:00,1597,home,1,1,2026-05-24 10:29:05.240274+00:00,,,,
16111065,2026-05-24,2026-05-24 11:55:34.957146800+00:00,0,home,2,1,2026-05-24 11:55:34.957146800+00:00,,,,
16111065,2026-05-24,2026-05-24 11:55:34.965358600+00:00,0,home,3,1,2026-05-24 11:55:34.965358600+00:00,,,,
16111091,2026-05-24,2026-05-24 15:06:09.646424600+00:00,240,home,1,0,2026-05-24 15:06:09.646424600+00:00,,,,
16111091,2026-05-24,2026-05-24 16:43:38.613125800+00:00,5100,home,2,0,2026-05-24 16:43:38.613125800+00:00,,,,
16111091,2026-05-24,2026-05-24 16:47:46.022683700+00:00,5340,away,2,1,2026-05-24 16:47:46.022683700+00:00,,,,
16111091,2026-05-24,2026-05-24 16:54:12.099410+00:00,0,home,3,1,2026-05-24 16:54:12.099410+00:00,,,,
16111097,2026-05-24,2026-05-24 15:01:39.618397200+00:00,120,home,1,0,2026-05-24 15:01:39.618397200+00:00,,,,
16111097,2026-05-24,2026-05-24 15:11:25.790036400+00:00,720,home,2,0,2026-05-24 15:11:25.790036400+00:00,,,,
16111097,2026-05-24,2026-05-24 15:20:57.811151900+00:00,1260,home,3,0,2026-05-24 15:20:57.811151900+00:00,,,,
16111097,2026-05-24,2026-05-24 15:33:51.622670700+00:00,2040,home,4,0,2026-05-24 15:33:51.622670700+00:00,,,,
16111097,2026-05-24,2026-05-24 15:36:47.504654400+00:00,2220,home,5,0,2026-05-24 15:36:47.504654400+00:00,,,,
16111097,2026-05-24,2026-05-24 15:39:56.489894200+00:00,2400,home,6,0,2026-05-24 15:39:56.489894200+00:00,,,,
16111097,2026-05-24,2026-05-24 16:08:00.314873+00:00,3060,away,6,1,2026-05-24 16:08:00.314873+00:00,,,,
16111097,2026-05-24,2026-05-24 16:45:56.404068900+00:00,5340,home,7,1,2026-05-24 16:45:56.404068900+00:00,,,,
16111097,2026-05-24,2026-05-24 16:48:38.341436200+00:00,0,home,13,1,2026-05-24 16:48:38.341436200+00:00,,,,
16121015,2026-05-24,2026-05-24 10:33:56.326209200+00:00,3540,home,1,0,2026-05-24 10:33:56.326209200+00:00,,,,
16121015,2026-05-24,2026-05-24 10:39:32.182709400+00:00,3900,home,2,0,2026-05-24 10:39:32.182709400+00:00,,,,
16550791,2026-05-24,2026-05-24 15:47:52.869983700+00:00,2760,home,1,0,2026-05-24 15:47:52.869983700+00:00,,,,
16550791,2026-05-24,2026-05-24 16:41:03.613272700+00:00,4680,home,2,0,2026-05-24 16:41:03.613272700+00:00,,,,
16550791,2026-05-24,2026-05-24 16:55:42.955666600+00:00,5640,home,3,0,2026-05-24 16:55:42.955666600+00:00,,,,
18616927,2026-05-24,2026-05-24 20:18:55.324737600+00:00,2700,home,1,0,2026-05-24 20:18:55.324737600+00:00,,,,
18706857,2026-05-24,2026-05-24 16:23:21.693486100+00:00,240,away,0,1,2026-05-24 16:23:21.693486100+00:00,,,,
18706857,2026-05-24,2026-05-24 17:37:08.883289100+00:00,3240,home,1,1,2026-05-24 17:37:08.883289100+00:00,,,,
18706857,2026-05-24,2026-05-24 17:46:24.872800900+00:00,3780,home,2,1,2026-05-24 17:46:24.872800900+00:00,,,,
18706857,2026-05-24,2026-05-24 19:07:22.035135300+00:00,0,away,2,2,2026-05-24 19:07:22.035135300+00:00,,,,
18716688,2026-05-24,2026-05-24 14:45:33.096082400+00:00,2640,away,0,1,2026-05-24 14:45:33.096082400+00:00,,,,
18724567,2026-05-24,2026-05-24 10:22:57.385285500+00:00,1320,home,1,0,2026-05-24 10:22:57.385285500+00:00,,,,
18724567,2026-05-24,2026-05-24 10:34:33.159660400+00:00,2040,home,2,0,2026-05-24 10:34:33.159660400+00:00,,,,
18724567,2026-05-24,2026-05-24 11:23:17.155392600+00:00,3660,away,2,1,2026-05-24 11:23:17.155392600+00:00,,,,
18724567,2026-05-24,2026-05-24 11:56:56.929750200+00:00,0,home,3,1,2026-05-24 11:56:56.929750200+00:00,,,,
18724568,2026-05-24,2026-05-24 11:06:17.908635400+00:00,2940,home,1,0,2026-05-24 11:06:17.908635400+00:00,,,,
18724568,2026-05-24,2026-05-24 11:28:47.143220500+00:00,4260,home,2,0,2026-05-24 11:28:47.143220500+00:00,,,,
18724568,2026-05-24,2026-05-24 11:32:32.944143200+00:00,4500,home,3,0,2026-05-24 11:32:32.944143200+00:00,,,,
18724879,2026-05-24,2026-05-24 12:08:31.703757900+00:00,480,away,0,1,2026-05-24 12:08:31.703757900+00:00,,,,
18724879,2026-05-24,2026-05-24 13:55:22.001944600+00:00,5520,away,0,2,2026-05-24 13:55:22.001944600+00:00,,,,
18724879,2026-05-24,2026-05-24 14:02:50.610786800+00:00,0,away,0,3,2026-05-24 14:02:50.610786800+00:00,,,,
18724948,2026-05-24,2026-05-24 12:15:07.067260300+00:00,960,home,1,0,2026-05-24 12:15:07.067260300+00:00,,,,
18724948,2026-05-24,2026-05-24 12:19:55.690906300+00:00,1200,away,1,1,2026-05-24 12:19:55.690906300+00:00,,,,
18724948,2026-05-24,2026-05-24 12:44:56.350468900+00:00,2700,home,2,1,2026-05-24 12:44:56.350468900+00:00,,,,
18724948,2026-05-24,2026-05-24 13:50:44.722686500+00:00,0,home,3,1,2026-05-24 13:50:44.722686500+00:00,,,,
18737025,2026-05-24,2026-05-24 15:10:52.254670600+00:00,2460,home,1,0,2026-05-24 15:10:52.254670600+00:00,,,,
18737025,2026-05-24,2026-05-24 16:21:09.072596200+00:00,0,home,2,0,2026-05-24 16:21:09.072596200+00:00,,,,
18797549,2026-05-24,2026-05-24 19:39:13.920156100+00:00,2400,home,1,0,2026-05-24 19:39:13.920156100+00:00,,,,
18797549,2026-05-24,2026-05-24 19:51:21.762377+00:00,3120,away,1,1,2026-05-24 19:51:21.762377+00:00,,,,
18834533,2026-05-24,2026-05-24 15:47:19.266698800+00:00,2100,home,1,0,2026-05-24 15:47:19.266698800+00:00,,,,
18834533,2026-05-24,2026-05-24 16:28:08.273146500+00:00,3360,away,1,1,2026-05-24 16:28:08.273146500+00:00,,,,
18834533,2026-05-24,2026-05-24 17:14:11.329441600+00:00,120,away,1,2,2026-05-24 17:14:11.329441600+00:00,,,,
18834533,2026-05-24,2026-05-24 17:14:40.816040900+00:00,120,home,2,2,2026-05-24 17:14:40.816040900+00:00,,,,
18834533,2026-05-24,2026-05-24 17:15:31.909017800+00:00,180,away,2,3,2026-05-24 17:15:31.909017800+00:00,,,,
18834533,2026-05-24,2026-05-24 17:16:11.256977+00:00,180,home,3,3,2026-05-24 17:16:11.256977+00:00,,,,
18834533,2026-05-24,2026-05-24 17:17:59.289914+00:00,240,home,4,3,2026-05-24 17:17:59.289914+00:00,,,,
18856432,2026-05-24,2026-05-24 00:38:06.938688700+00:00,2220,away,0,1,2026-05-24 00:38:06.938688700+00:00,,,,
18856432,2026-05-24,2026-05-24 01:53:56.551746+00:00,5648,away,0,2,2026-05-24 01:53:56.551746+00:00,,,,
18856432,2026-05-24,2026-05-24 02:00:08.443550900+00:00,0,away,0,3,2026-05-24 02:00:08.443550900+00:00,,,,
18858181,2026-05-24,2026-05-25 04:03:06.330627500+00:00,0,home,1,0,2026-05-25 04:03:06.330627500+00:00,,,,
18858181,2026-05-24,2026-05-25 04:03:06.331416300+00:00,0,away,1,2,2026-05-25 04:03:06.331416300+00:00,,,,
18858196,2026-05-24,2026-05-25 04:01:50.610281100+00:00,0,home,1,0,2026-05-25 04:01:50.610281100+00:00,,,,
18858196,2026-05-24,2026-05-25 04:01:50.611742500+00:00,0,away,1,1,2026-05-25 04:01:50.611742500+00:00,,,,
18860049,2026-05-24,2026-05-24 08:39:42.916380300+00:00,480,away,0,1,2026-05-24 08:39:42.916380300+00:00,,,,
18860049,2026-05-24,2026-05-24 08:52:12.886790800+00:00,1260,home,1,1,2026-05-24 08:52:12.886790800+00:00,,,,
18860049,2026-05-24,2026-05-24 10:23:57.378015400+00:00,0,away,1,2,2026-05-24 10:23:57.378015400+00:00,,,,
18860050,2026-05-24,2026-05-24 08:18:24.499149200+00:00,155,away,0,1,2026-05-24 08:18:24.499149200+00:00,,,,
18860050,2026-05-24,2026-05-24 08:51:35.827526900+00:00,2143,away,0,2,2026-05-24 08:51:35.827526900+00:00,,,,
18860050,2026-05-24,2026-05-24 09:58:59.742971700+00:00,5127,home,1,2,2026-05-24 09:58:59.742971700+00:00,,,,
18860050,2026-05-24,2026-05-24 10:06:26.826572800+00:00,0,away,1,3,2026-05-24 10:06:26.826572800+00:00,,,,
18860051,2026-05-24,2026-05-24 08:57:17.111621400+00:00,2400,home,1,0,2026-05-24 08:57:17.111621400+00:00,,,,
18860051,2026-05-24,2026-05-24 09:03:34.312443500+00:00,2760,home,2,0,2026-05-24 09:03:34.312443500+00:00,,,,
18860051,2026-05-24,2026-05-24 10:00:17.239630200+00:00,4980,away,2,1,2026-05-24 10:00:17.239630200+00:00,,,,
18860051,2026-05-24,2026-05-24 10:09:22.981204800+00:00,0,home,4,1,2026-05-24 10:09:22.981204800+00:00,,,,
18861668,2026-05-24,2026-05-24 12:40:49.071295+00:00,2326,away,0,1,2026-05-24 12:40:49.071295+00:00,,,,
18861668,2026-05-24,2026-05-24 13:07:25.673232400+00:00,2880,home,1,1,2026-05-24 13:07:25.673232400+00:00,,,,
18861668,2026-05-24,2026-05-24 13:25:39.843032400+00:00,4000,away,1,2,2026-05-24 13:25:39.843032400+00:00,,,,
18861668,2026-05-24,2026-05-24 13:51:09.788590600+00:00,0,away,1,3,2026-05-24 13:51:09.788590600+00:00,,,,
16121012,2026-05-25,2026-05-25 15:16:01.042768100+00:00,540,home,1,0,2026-05-25 15:16:01.042768100+00:00,,,,
16121012,2026-05-25,2026-05-25 15:39:22.370202200+00:00,1920,home,2,0,2026-05-25 15:39:22.370202200+00:00,,,,
18716687,2026-05-25,2026-05-25 16:27:18.906276600+00:00,1500,away,0,1,2026-05-25 16:27:18.906276600+00:00,,,,
18716687,2026-05-25,2026-05-25 17:58:22.418485700+00:00,0,away,0,2,2026-05-25 17:58:22.418485700+00:00,,,,
18716689,2026-05-25,2026-05-25 11:33:32.685492500+00:00,2100,home,1,0,2026-05-25 11:33:32.685492500+00:00,,,,
18716689,2026-05-25,2026-05-25 12:23:00.034969800+00:00,4080,away,1,1,2026-05-25 12:23:00.034969800+00:00,,,,
18716689,2026-05-25,2026-05-25 12:36:33.101386700+00:00,4920,home,2,1,2026-05-25 12:36:33.101386700+00:00,,,,
18716689,2026-05-25,2026-05-25 12:49:41.444061900+00:00,0,home,3,1,2026-05-25 12:49:41.444061900+00:00,,,,
18716690,2026-05-25,2026-05-25 13:29:13.065909+00:00,1680,away,0,1,2026-05-25 13:29:13.065909+00:00,,,,
18716690,2026-05-25,2026-05-25 14:30:33.080253200+00:00,4260,home,1,1,2026-05-25 14:30:33.080253200+00:00,,,,
18716690,2026-05-25,2026-05-25 14:51:48.718494200+00:00,5520,away,1,2,2026-05-25 14:51:48.718494200+00:00,,,,
18716690,2026-05-25,2026-05-25 14:54:07.011005700+00:00,5640,away,1,3,2026-05-25 14:54:07.011005700+00:00,,,,
18716690,2026-05-25,2026-05-25 14:54:33.144044700+00:00,0,away,1,4,2026-05-25 14:54:33.144044700+00:00,,,,
18870307,2026-05-25,2026-05-25 23:30:22.849279800+00:00,1554,away,0,1,2026-05-25 23:30:22.849279800+00:00,,,,
18870307,2026-05-25,2026-05-26 00:00:15.041389500+00:00,1554,home,1,1,2026-05-26 00:00:15.041389500+00:00,,,,
18870307,2026-05-25,2026-05-26 00:36:36.127788100+00:00,3856,home,2,1,2026-05-26 00:36:36.127788100+00:00,,,,
18870307,2026-05-25,2026-05-26 00:39:58.306832700+00:00,4058,home,3,1,2026-05-26 00:39:58.306832700+00:00,,,,
18870307,2026-05-25,2026-05-26 01:09:25.701689300+00:00,0,away,3,2,2026-05-26 01:09:25.701689300+00:00,,,,
18871274,2026-05-25,2026-05-25 15:27:29.938415900+00:00,1560,home,1,0,2026-05-25 15:27:29.938415900+00:00,,,,
18871274,2026-05-25,2026-05-25 16:53:11.210392300+00:00,0,home,2,0,2026-05-25 16:53:11.210392300+00:00,,,,
18893694,2026-05-25,2026-05-25 00:08:36.847047700+00:00,300,away,0,1,2026-05-25 00:08:36.847047700+00:00,,,,
18893694,2026-05-25,2026-05-25 01:12:32.191101800+00:00,3120,home,1,1,2026-05-25 01:12:32.191101800+00:00,,,,
18893694,2026-05-25,2026-05-25 01:53:18.726576500+00:00,5520,home,2,1,2026-05-25 01:53:18.726576500+00:00,,,,
18893694,2026-05-25,2026-05-25 01:56:33.066509800+00:00,0,away,2,2,2026-05-25 01:56:33.066509800+00:00,,,,
18893694,2026-05-25,2026-05-25 02:08:07.323868+00:00,300,away,2,3,2026-05-25 02:08:07.323868+00:00,,,,
18893694,2026-05-25,2026-05-25 02:09:00.409999800+00:00,0,home,3,3,2026-05-25 02:09:00.409999800+00:00,,,,
18893694,2026-05-25,2026-05-25 02:09:00.417949100+00:00,0,away,3,4,2026-05-25 02:09:00.417949100+00:00,,,,
18893694,2026-05-25,2026-05-25 02:09:00.420905+00:00,0,home,4,4,2026-05-25 02:09:00.420905+00:00,,,,
18893694,2026-05-25,2026-05-25 02:09:00.423645500+00:00,0,away,4,5,2026-05-25 02:09:00.423645500+00:00,,,,
18894361,2026-05-25,2026-05-25 19:20:29.226013800+00:00,1200,home,1,0,2026-05-25 19:20:29.226013800+00:00,,,,
18894361,2026-05-25,2026-05-25 20:28:42.127792900+00:00,4380,away,1,1,2026-05-25 20:28:42.127792900+00:00,,,,
18894361,2026-05-25,2026-05-25 20:51:26.933636900+00:00,5640,away,1,2,2026-05-25 20:51:26.933636900+00:00,,,,
18896872,2026-05-25,2026-05-25 12:35:01.027769900+00:00,300,home,1,0,2026-05-25 12:35:01.027769900+00:00,,,,
18896872,2026-05-25,2026-05-25 13:02:07.119152800+00:00,1920,home,2,0,2026-05-25 13:02:07.119152800+00:00,,,,
18896873,2026-05-25,2026-05-25 15:01:23.584163700+00:00,120,away,0,1,2026-05-25 15:01:23.584163700+00:00,,,,
18896873,2026-05-25,2026-05-25 15:04:26.327154800+00:00,300,home,1,1,2026-05-25 15:04:26.327154800+00:00,,,,
18896873,2026-05-25,2026-05-25 16:58:39.539410900+00:00,0,home,2,1,2026-05-25 16:58:39.539410900+00:00,,,,
18896874,2026-05-25,2026-05-25 15:02:19.533079+00:00,60,home,1,0,2026-05-25 15:02:19.533079+00:00,,,,
18896874,2026-05-25,2026-05-25 16:12:59.819996600+00:00,3420,away,1,1,2026-05-25 16:12:59.819996600+00:00,,,,
18896875,2026-05-25,2026-05-25 18:35:21.560745900+00:00,3780,home,1,0,2026-05-25 18:35:21.560745900+00:00,,,,
18896875,2026-05-25,2026-05-25 19:03:42.817356200+00:00,5460,away,1,1,2026-05-25 19:03:42.817356200+00:00,,,,
18896876,2026-05-25,2026-05-25 15:15:06.725905+00:00,780,home,1,0,2026-05-25 15:15:06.725905+00:00,,,,
18896876,2026-05-25,2026-05-25 15:27:49.578940+00:00,1620,home,2,0,2026-05-25 15:27:49.578940+00:00,,,,
18904058,2026-05-25,2026-05-25 03:06:56.841125800+00:00,5100,home,1,0,2026-05-25 03:06:56.841125800+00:00,,,,
18913156,2026-05-25,2026-05-25 18:20:39.235988600+00:00,1182,home,1,0,2026-05-25 18:20:39.235988600+00:00,,,,
18914886,2026-05-25,2026-05-25 14:31:53.073081400+00:00,1860,home,1,0,2026-05-25 14:31:53.073081400+00:00,,,,
18914886,2026-05-25,2026-05-25 14:44:57.073089700+00:00,2640,home,2,0,2026-05-25 14:44:57.073089700+00:00,,,,
18914886,2026-05-25,2026-05-25 15:59:38.800948500+00:00,0,home,3,0,2026-05-25 15:59:38.800948500+00:00,,,,
18922547,2026-05-25,2026-05-25 19:06:47.598771900+00:00,1020,home,1,0,2026-05-25 19:06:47.598771900+00:00,,,,
18922550,2026-05-25,2026-05-25 19:34:05.160193500+00:00,1920,home,1,0,2026-05-25 19:34:05.160193500+00:00,,,,
18922550,2026-05-25,2026-05-25 20:10:13.505351600+00:00,2880,away,1,1,2026-05-25 20:10:13.505351600+00:00,,,,
18922550,2026-05-25,2026-05-25 20:17:39.161067500+00:00,3360,away,1,2,2026-05-25 20:17:39.161067500+00:00,,,,
18922550,2026-05-25,2026-05-25 20:29:28.367592800+00:00,4080,away,1,3,2026-05-25 20:29:28.367592800+00:00,,,,
18922550,2026-05-25,2026-05-25 20:56:24.812550600+00:00,0,home,2,3,2026-05-25 20:56:24.812550600+00:00,,,,
18922554,2026-05-25,2026-05-25 20:23:09.909863800+00:00,3660,home,1,0,2026-05-25 20:23:09.909863800+00:00,,,,
18922554,2026-05-25,2026-05-25 20:30:10.226249+00:00,4080,home,2,0,2026-05-25 20:30:10.226249+00:00,,,,
18922554,2026-05-25,2026-05-25 20:38:13.505976700+00:00,4500,home,3,0,2026-05-25 20:38:13.505976700+00:00,,,,
18922583,2026-05-25,2026-05-25 20:56:44.073753500+00:00,1200,away,0,1,2026-05-25 20:56:44.073753500+00:00,,,,
18922583,2026-05-25,2026-05-25 22:01:43.010234100+00:00,3780,home,1,1,2026-05-25 22:01:43.010234100+00:00,,,,
18922644,2026-05-25,2026-05-25 16:40:12.573429800+00:00,2400,away,0,1,2026-05-25 16:40:12.573429800+00:00,,,,
18922644,2026-05-25,2026-05-25 17:21:52.843079900+00:00,3720,home,1,1,2026-05-25 17:21:52.843079900+00:00,,,,
18922644,2026-05-25,2026-05-25 17:53:06.891116400+00:00,5640,home,2,1,2026-05-25 17:53:06.891116400+00:00,,,,
18922644,2026-05-25,2026-05-25 17:56:58.288839+00:00,0,away,2,2,2026-05-25 17:56:58.288839+00:00,,,,
18926373,2026-05-25,2026-05-25 13:58:00.250156300+00:00,0,away,0,1,2026-05-25 13:58:00.250156300+00:00,,,,
18926373,2026-05-25,2026-05-25 15:05:10.281196500+00:00,3240,home,1,1,2026-05-25 15:05:10.281196500+00:00,,,,
18926373,2026-05-25,2026-05-25 15:05:10.284992100+00:00,3780,home,2,1,2026-05-25 15:05:10.284992100+00:00,,,,
18926373,2026-05-25,2026-05-25 15:05:10.288496700+00:00,0,home,4,1,2026-05-25 15:05:10.288496700+00:00,,,,
18926373,2026-05-25,2026-05-25 15:05:10.292651+00:00,0,away,4,2,2026-05-25 15:05:10.292651+00:00,,,,
18931973,2026-05-25,2026-05-25 13:53:20.990142200+00:00,2040,home,1,0,2026-05-25 13:53:20.990142200+00:00,,,,
18931974,2026-05-25,2026-05-25 20:44:40.212100+00:00,900,home,1,0,2026-05-25 20:44:40.212100+00:00,,,,
18931974,2026-05-25,2026-05-25 20:59:14.053166600+00:00,1740,home,2,0,2026-05-25 20:59:14.053166600+00:00,,,,
18931974,2026-05-25,2026-05-25 22:27:13.254753500+00:00,0,home,3,0,2026-05-25 22:27:13.254753500+00:00,,,,
18931975,2026-05-25,2026-05-25 13:08:55.334042100+00:00,3000,away,0,1,2026-05-25 13:08:55.334042100+00:00,,,,
18931975,2026-05-25,2026-05-25 13:10:48.059069100+00:00,3120,away,0,2,2026-05-25 13:10:48.059069100+00:00,,,,
18931976,2026-05-25,2026-05-25 19:13:19.124238700+00:00,4980,away,0,1,2026-05-25 19:13:19.124238700+00:00,,,,
18931976,2026-05-25,2026-05-25 19:24:42.822173300+00:00,5640,home,1,1,2026-05-25 19:24:42.822173300+00:00,,,,
18931977,2026-05-25,2026-05-25 14:54:21.625872700+00:00,480,home,1,0,2026-05-25 14:54:21.625872700+00:00,,,,
18931977,2026-05-25,2026-05-25 15:48:07.101884100+00:00,2700,away,1,1,2026-05-25 15:48:07.101884100+00:00,,,,
18931977,2026-05-25,2026-05-25 15:55:02.839131100+00:00,3180,away,1,2,2026-05-25 15:55:02.839131100+00:00,,,,
18931977,2026-05-25,2026-05-25 16:13:49.186591600+00:00,4320,away,1,3,2026-05-25 16:13:49.186591600+00:00,,,,
18931977,2026-05-25,2026-05-25 16:38:30.610089100+00:00,0,home,2,3,2026-05-25 16:38:30.610089100+00:00,,,,
18931978,2026-05-25,2026-05-25 11:40:18.472714200+00:00,540,away,0,1,2026-05-25 11:40:18.472714200+00:00,,,,
18931978,2026-05-25,2026-05-25 11:44:21.905522900+00:00,780,away,0,2,2026-05-25 11:44:21.905522900+00:00,,,,
18931979,2026-05-25,2026-05-25 13:23:26.706551500+00:00,1020,away,0,1,2026-05-25 13:23:26.706551500+00:00,,,,
18931979,2026-05-25,2026-05-25 13:45:50.120596800+00:00,2340,away,0,2,2026-05-25 13:45:50.120596800+00:00,,,,
18931980,2026-05-25,2026-05-25 11:09:41.414745800+00:00,300,away,0,1,2026-05-25 11:09:41.414745800+00:00,,,,
18931980,2026-05-25,2026-05-25 11:12:39.890142300+00:00,480,away,0,2,2026-05-25 11:12:39.890142300+00:00,,,,
18931980,2026-05-25,2026-05-25 11:14:41.534344100+00:00,600,away,0,3,2026-05-25 11:14:41.534344100+00:00,,,,
18931980,2026-05-25,2026-05-25 11:27:47.679613600+00:00,1380,away,0,4,2026-05-25 11:27:47.679613600+00:00,,,,
18931980,2026-05-25,2026-05-25 12:56:07.349300200+00:00,0,away,0,5,2026-05-25 12:56:07.349300200+00:00,,,,
18931981,2026-05-25,2026-05-25 19:15:05.723684+00:00,720,away,0,1,2026-05-25 19:15:05.723684+00:00,,,,
18931981,2026-05-25,2026-05-25 20:38:48.450276+00:00,4500,home,1,1,2026-05-25 20:38:48.450276+00:00,,,,
18931983,2026-05-25,2026-05-25 15:08:20.555563400+00:00,1260,home,1,0,2026-05-25 15:08:20.555563400+00:00,,,,
18931983,2026-05-25,2026-05-25 15:12:03.919303300+00:00,1500,away,1,1,2026-05-25 15:12:03.919303300+00:00,,,,
18931983,2026-05-25,2026-05-25 16:43:37.192363100+00:00,0,home,2,1,2026-05-25 16:43:37.192363100+00:00,,,,
18931984,2026-05-25,2026-05-25 14:10:54.512978800+00:00,600,away,0,1,2026-05-25 14:10:54.512978800+00:00,,,,
18931984,2026-05-25,2026-05-25 14:11:10.751981+00:00,600,home,1,1,2026-05-25 14:11:10.751981+00:00,,,,
18931984,2026-05-25,2026-05-25 14:16:30.642917700+00:00,960,away,1,2,2026-05-25 14:16:30.642917700+00:00,,,,
18931984,2026-05-25,2026-05-25 14:28:07.369338+00:00,1620,away,1,3,2026-05-25 14:28:07.369338+00:00,,,,
18931984,2026-05-25,2026-05-25 14:34:03.751916+00:00,1920,away,1,4,2026-05-25 14:34:03.751916+00:00,,,,
18931984,2026-05-25,2026-05-25 14:39:46.273154400+00:00,2340,away,1,5,2026-05-25 14:39:46.273154400+00:00,,,,
18931984,2026-05-25,2026-05-25 15:46:00.149260800+00:00,5100,away,1,6,2026-05-25 15:46:00.149260800+00:00,,,,
18931984,2026-05-25,2026-05-25 15:58:04.428838300+00:00,0,away,1,11,2026-05-25 15:58:04.428838300+00:00,,,,
18931985,2026-05-25,2026-05-25 11:25:20.965324600+00:00,1380,away,0,1,2026-05-25 11:25:20.965324600+00:00,,,,
18931986,2026-05-25,2026-05-25 14:17:50.067778300+00:00,3600,home,1,0,2026-05-25 14:17:50.067778300+00:00,,,,
18931987,2026-05-25,2026-05-25 12:11:41.898779300+00:00,720,away,0,1,2026-05-25 12:11:41.898779300+00:00,,,,
18931987,2026-05-25,2026-05-25 13:14:52.420069200+00:00,3480,home,1,1,2026-05-25 13:14:52.420069200+00:00,,,,
18931987,2026-05-25,2026-05-25 13:33:59.497736800+00:00,4620,home,2,1,2026-05-25 13:33:59.497736800+00:00,,,,
18931987,2026-05-25,2026-05-25 13:52:33.225951300+00:00,0,away,2,2,2026-05-25 13:52:33.225951300+00:00,,,,
16043948,2026-05-26,2026-05-26 16:04:58.941530500+00:00,360,home,1,0,2026-05-26 16:04:58.941530500+00:00,,,,
16043950,2026-05-26,2026-05-26 17:16:57.219631500+00:00,840,home,1,0,2026-05-26 17:16:57.219631500+00:00,,,,
16043950,2026-05-26,2026-05-26 17:52:07.085572+00:00,2940,home,2,0,2026-05-26 17:52:07.085572+00:00,,,,
16043950,2026-05-26,2026-05-26 18:59:23.737808800+00:00,0,home,3,0,2026-05-26 18:59:23.737808800+00:00,,,,
16084494,2026-05-26,2026-05-26 17:14:00.400365800+00:00,840,away,0,1,2026-05-26 17:14:00.400365800+00:00,,,,
16084494,2026-05-26,2026-05-26 18:35:32.884666200+00:00,4380,home,1,1,2026-05-26 18:35:32.884666200+00:00,,,,
16084494,2026-05-26,2026-05-26 19:08:43.757608200+00:00,0,away,1,2,2026-05-26 19:08:43.757608200+00:00,,,,
16086584,2026-05-26,2026-05-26 19:18:48.244910500+00:00,1140,away,0,1,2026-05-26 19:18:48.244910500+00:00,,,,
16086584,2026-05-26,2026-05-26 19:53:35.427600600+00:00,3180,home,1,1,2026-05-26 19:53:35.427600600+00:00,,,,
16086584,2026-05-26,2026-05-26 21:12:37.202045400+00:00,0,home,2,2,2026-05-26 21:12:37.202045400+00:00,,,,
16086584,2026-05-26,2026-05-26 21:12:37.202045400+00:00,0,away,2,2,2026-05-26 21:12:37.202045400+00:00,,,,
16086586,2026-05-26,2026-05-26 18:10:01.712368700+00:00,2880,away,0,1,2026-05-26 18:10:01.712368700+00:00,,,,
16086586,2026-05-26,2026-05-26 18:14:31.163871700+00:00,3180,away,0,2,2026-05-26 18:14:31.163871700+00:00,,,,
16086586,2026-05-26,2026-05-26 18:16:48.607451+00:00,3300,away,0,3,2026-05-26 18:16:48.607451+00:00,,,,
16086586,2026-05-26,2026-05-26 18:45:32.792299+00:00,5040,away,0,4,2026-05-26 18:45:32.792299+00:00,,,,
16086594,2026-05-26,2026-05-26 17:38:03.719905200+00:00,2340,home,1,0,2026-05-26 17:38:03.719905200+00:00,,,,
16086594,2026-05-26,2026-05-26 17:42:43.489087900+00:00,2580,home,2,0,2026-05-26 17:42:43.489087900+00:00,,,,
16086594,2026-05-26,2026-05-26 18:14:54.398010+00:00,3180,away,2,1,2026-05-26 18:14:54.398010+00:00,,,,
16086594,2026-05-26,2026-05-26 18:25:06.121433200+00:00,3840,away,2,2,2026-05-26 18:25:06.121433200+00:00,,,,
16086594,2026-05-26,2026-05-26 18:35:00.053933500+00:00,4380,away,2,3,2026-05-26 18:35:00.053933500+00:00,,,,
16086594,2026-05-26,2026-05-26 18:45:00.507919300+00:00,4980,away,2,4,2026-05-26 18:45:00.507919300+00:00,,,,
16086594,2026-05-26,2026-05-26 19:02:35.669634600+00:00,0,home,3,4,2026-05-26 19:02:35.669634600+00:00,,,,
16086597,2026-05-26,2026-05-26 17:19:07.072763400+00:00,1140,away,0,1,2026-05-26 17:19:07.072763400+00:00,,,,
16086597,2026-05-26,2026-05-26 17:48:38.784470900+00:00,2940,home,1,1,2026-05-26 17:48:38.784470900+00:00,,,,
16086597,2026-05-26,2026-05-26 18:54:11.689911+00:00,5700,home,2,1,2026-05-26 18:54:11.689911+00:00,,,,
16086597,2026-05-26,2026-05-26 19:03:22.602357700+00:00,0,away,2,2,2026-05-26 19:03:22.602357700+00:00,,,,
18565167,2026-05-26,2026-05-26 18:36:53.356261200+00:00,240,home,1,0,2026-05-26 18:36:53.356261200+00:00,,,,
18565167,2026-05-26,2026-05-26 19:59:10.281710100+00:00,3660,home,2,0,2026-05-26 19:59:10.281710100+00:00,,,,
18726203,2026-05-26,2026-05-26 22:04:48.048307700+00:00,240,home,1,0,2026-05-26 22:04:48.048307700+00:00,,,,
18726203,2026-05-26,2026-05-26 22:17:56.707419300+00:00,1020,home,2,0,2026-05-26 22:17:56.707419300+00:00,,,,
18726203,2026-05-26,2026-05-27 00:00:24.009120200+00:00,1070,away,2,1,2026-05-27 00:00:24.009120200+00:00,,,,
18726204,2026-05-26,2026-05-26 16:40:34.802689800+00:00,2460,away,0,1,2026-05-26 16:40:34.802689800+00:00,,,,
18726204,2026-05-26,2026-05-26 16:42:09.850535200+00:00,2580,home,1,1,2026-05-26 16:42:09.850535200+00:00,,,,
18726204,2026-05-26,2026-05-26 17:22:55.595311800+00:00,3900,away,1,2,2026-05-26 17:22:55.595311800+00:00,,,,
18726204,2026-05-26,2026-05-26 17:52:01.936510600+00:00,0,home,2,3,2026-05-26 17:52:01.936510600+00:00,,,,
18726204,2026-05-26,2026-05-26 17:52:01.936510600+00:00,0,away,2,3,2026-05-26 17:52:01.936510600+00:00,,,,
18726205,2026-05-26,2026-05-26 17:04:55.625065900+00:00,2820,home,1,0,2026-05-26 17:04:55.625065900+00:00,,,,
18726205,2026-05-26,2026-05-26 17:09:45.264718100+00:00,3120,home,2,0,2026-05-26 17:09:45.264718100+00:00,,,,
18726205,2026-05-26,2026-05-26 17:44:46.296830500+00:00,5220,home,3,0,2026-05-26 17:44:46.296830500+00:00,,,,
18726205,2026-05-26,2026-05-26 17:53:05.613926+00:00,5700,home,4,0,2026-05-26 17:53:05.613926+00:00,,,,
18726206,2026-05-26,2026-05-26 16:03:33.186824200+00:00,240,home,1,0,2026-05-26 16:03:33.186824200+00:00,,,,
18726206,2026-05-26,2026-05-26 16:11:48.882194+00:00,720,home,2,0,2026-05-26 16:11:48.882194+00:00,,,,
18726206,2026-05-26,2026-05-26 16:17:50.050959300+00:00,1080,home,3,0,2026-05-26 16:17:50.050959300+00:00,,,,
18726206,2026-05-26,2026-05-26 16:20:03.159452100+00:00,1200,home,4,0,2026-05-26 16:20:03.159452100+00:00,,,,
18726206,2026-05-26,2026-05-26 16:42:24.957256100+00:00,2580,home,5,0,2026-05-26 16:42:24.957256100+00:00,,,,
18726206,2026-05-26,2026-05-26 17:41:47.653655400+00:00,5100,away,5,1,2026-05-26 17:41:47.653655400+00:00,,,,
18726206,2026-05-26,2026-05-26 17:56:08.457959800+00:00,0,home,7,1,2026-05-26 17:56:08.457959800+00:00,,,,
18726207,2026-05-26,2026-05-26 22:13:27.084489500+00:00,720,away,0,1,2026-05-26 22:13:27.084489500+00:00,,,,
18726207,2026-05-26,2026-05-26 23:07:32.920668600+00:00,2760,home,1,1,2026-05-26 23:07:32.920668600+00:00,,,,
18726207,2026-05-26,2026-05-26 23:12:02.960801800+00:00,3063,home,2,1,2026-05-26 23:12:02.960801800+00:00,,,,
18726207,2026-05-26,2026-05-26 23:59:44.207398+00:00,0,away,2,2,2026-05-26 23:59:44.207398+00:00,,,,
18726208,2026-05-26,2026-05-26 16:24:39.151466400+00:00,1500,home,1,0,2026-05-26 16:24:39.151466400+00:00,,,,
18726208,2026-05-26,2026-05-26 17:46:47.155510+00:00,5340,home,2,0,2026-05-26 17:46:47.155510+00:00,,,,
18726208,2026-05-26,2026-05-26 17:51:37.739136400+00:00,0,home,3,0,2026-05-26 17:51:37.739136400+00:00,,,,
18726209,2026-05-26,2026-05-26 22:28:11.598820100+00:00,1675,away,0,1,2026-05-26 22:28:11.598820100+00:00,,,,
18726209,2026-05-26,2026-05-26 22:41:32.965092800+00:00,2460,home,1,1,2026-05-26 22:41:32.965092800+00:00,,,,
18726210,2026-05-26,2026-05-26 19:45:42.786321900+00:00,1620,away,0,1,2026-05-26 19:45:42.786321900+00:00,,,,
18726210,2026-05-26,2026-05-26 19:53:51.984784700+00:00,2160,away,0,2,2026-05-26 19:53:51.984784700+00:00,,,,
18726210,2026-05-26,2026-05-26 20:28:32.657655500+00:00,3300,home,1,2,2026-05-26 20:28:32.657655500+00:00,,,,
18726210,2026-05-26,2026-05-26 21:07:50.869946800+00:00,0,away,1,3,2026-05-26 21:07:50.869946800+00:00,,,,
18726211,2026-05-26,2026-05-26 22:06:16.595904200+00:00,373,away,0,1,2026-05-26 22:06:16.595904200+00:00,,,,
18726211,2026-05-26,2026-05-26 22:37:42.877537800+00:00,2220,away,0,2,2026-05-26 22:37:42.877537800+00:00,,,,
18726211,2026-05-26,2026-05-26 23:12:46.000232900+00:00,3214,home,1,2,2026-05-26 23:12:46.000232900+00:00,,,,
18726212,2026-05-26,2026-05-26 16:15:21.788951700+00:00,900,home,1,0,2026-05-26 16:15:21.788951700+00:00,,,,
18726212,2026-05-26,2026-05-26 16:45:50.993207500+00:00,2760,away,1,1,2026-05-26 16:45:50.993207500+00:00,,,,
18726212,2026-05-26,2026-05-26 17:25:27.052148400+00:00,3900,home,2,1,2026-05-26 17:25:27.052148400+00:00,,,,
18726212,2026-05-26,2026-05-26 17:54:00.543777900+00:00,0,home,3,2,2026-05-26 17:54:00.543777900+00:00,,,,
18726212,2026-05-26,2026-05-26 17:54:00.543777900+00:00,0,away,3,2,2026-05-26 17:54:00.543777900+00:00,,,,
18737066,2026-05-26,2026-05-26 19:22:20.471284600+00:00,480,home,1,0,2026-05-26 19:22:20.471284600+00:00,,,,
18737066,2026-05-26,2026-05-26 19:24:07.192047700+00:00,540,home,2,0,2026-05-26 19:24:07.192047700+00:00,,,,
18737066,2026-05-26,2026-05-26 20:22:10.113814+00:00,3000,away,2,1,2026-05-26 20:22:10.113814+00:00,,,,
18737066,2026-05-26,2026-05-26 21:09:02.845792+00:00,0,home,3,1,2026-05-26 21:09:02.845792+00:00,,,,
18901576,2026-05-26,2026-05-26 14:10:08.090212300+00:00,0,home,5,0,2026-05-26 14:10:08.090212300+00:00,,,,
18904644,2026-05-26,2026-05-26 20:37:05.014847700+00:00,420,home,1,0,2026-05-26 20:37:05.014847700+00:00,,,,
18904644,2026-05-26,2026-05-26 21:54:39.664925+00:00,3600,away,1,1,2026-05-26 21:54:39.664925+00:00,,,,
18904644,2026-05-26,2026-05-26 21:56:11.219736600+00:00,3720,away,1,2,2026-05-26 21:56:11.219736600+00:00,,,,
18904644,2026-05-26,2026-05-26 22:33:44.045892500+00:00,0,home,2,2,2026-05-26 22:33:44.045892500+00:00,,,,
18912970,2026-05-26,2026-05-26 22:17:23.230063300+00:00,4980,home,1,0,2026-05-26 22:17:23.230063300+00:00,,,,
18922588,2026-05-26,2026-05-26 19:22:39.272798300+00:00,1380,away,0,1,2026-05-26 19:22:39.272798300+00:00,,,,
18922588,2026-05-26,2026-05-26 20:45:47.013257+00:00,4920,away,0,2,2026-05-26 20:45:47.013257+00:00,,,,
18922588,2026-05-26,2026-05-26 20:58:13.420963700+00:00,0,away,0,3,2026-05-26 20:58:13.420963700+00:00,,,,
18932871,2026-05-26,2026-05-26 00:11:16.873141900+00:00,660,home,1,0,2026-05-26 00:11:16.873141900+00:00,,,,
18932871,2026-05-26,2026-05-26 00:15:39.765230800+00:00,960,away,1,1,2026-05-26 00:15:39.765230800+00:00,,,,
18932871,2026-05-26,2026-05-26 00:43:06.609963900+00:00,2640,home,2,1,2026-05-26 00:43:06.609963900+00:00,,,,
18932871,2026-05-26,2026-05-26 01:57:51.528770900+00:00,0,home,3,1,2026-05-26 01:57:51.528770900+00:00,,,,
18935052,2026-05-26,2026-05-26 20:45:49.820613400+00:00,0,home,1,2,2026-05-26 20:45:49.820613400+00:00,,,,
18935052,2026-05-26,2026-05-26 20:45:49.820613400+00:00,0,away,1,2,2026-05-26 20:45:49.820613400+00:00,,,,
18935052,2026-05-26,2026-05-26 20:45:49.823906800+00:00,0,home,5,4,2026-05-26 20:45:49.823906800+00:00,,,,
18935052,2026-05-26,2026-05-26 20:45:49.823906800+00:00,0,away,5,4,2026-05-26 20:45:49.823906800+00:00,,,,
18935052,2026-05-26,2026-05-26 20:45:49.830093800+00:00,0,home,6,6,2026-05-26 20:45:49.830093800+00:00,,,,
18935052,2026-05-26,2026-05-26 20:45:49.830093800+00:00,0,away,6,6,2026-05-26 20:45:49.830093800+00:00,,,,
18936129,2026-05-26,2026-05-26 17:39:47.246095+00:00,660,away,0,1,2026-05-26 17:39:47.246095+00:00,,,,
18936129,2026-05-26,2026-05-26 17:47:29.964194100+00:00,1080,away,0,2,2026-05-26 17:47:29.964194100+00:00,,,,
18937404,2026-05-26,2026-05-26 15:09:46.292169900+00:00,420,away,0,1,2026-05-26 15:09:46.292169900+00:00,,,,
18937404,2026-05-26,2026-05-26 15:14:37.371267900+00:00,660,away,0,2,2026-05-26 15:14:37.371267900+00:00,,,,
18937404,2026-05-26,2026-05-26 16:05:17.084003700+00:00,2940,home,1,2,2026-05-26 16:05:17.084003700+00:00,,,,
18937404,2026-05-26,2026-05-26 16:32:41.680425300+00:00,4590,home,2,2,2026-05-26 16:32:41.680425300+00:00,,,,
18937404,2026-05-26,2026-05-26 16:49:44.868152500+00:00,0,away,2,3,2026-05-26 16:49:44.868152500+00:00,,,,
18941986,2026-05-26,2026-05-26 11:20:25.536994300+00:00,1140,home,1,0,2026-05-26 11:20:25.536994300+00:00,,,,
18941986,2026-05-26,2026-05-26 11:43:32.078808200+00:00,2520,home,2,0,2026-05-26 11:43:32.078808200+00:00,,,,
18941986,2026-05-26,2026-05-26 12:51:52.292188700+00:00,5535,home,3,0,2026-05-26 12:51:52.292188700+00:00,,,,
18941986,2026-05-26,2026-05-26 12:55:15.784627+00:00,0,home,5,0,2026-05-26 12:55:15.784627+00:00,,,,
18941987,2026-05-26,2026-05-26 18:47:13.851141700+00:00,133,away,0,1,2026-05-26 18:47:13.851141700+00:00,,,,
18941987,2026-05-26,2026-05-26 20:09:05.706324+00:00,4140,away,0,2,2026-05-26 20:09:05.706324+00:00,,,,
18941987,2026-05-26,2026-05-26 20:34:46.648904400+00:00,0,away,0,3,2026-05-26 20:34:46.648904400+00:00,,,,
18941988,2026-05-26,2026-05-26 16:57:55.477436300+00:00,4320,away,0,1,2026-05-26 16:57:55.477436300+00:00,,,,
18941989,2026-05-26,2026-05-26 15:07:49.741837600+00:00,480,away,0,1,2026-05-26 15:07:49.741837600+00:00,,,,
18941989,2026-05-26,2026-05-26 15:12:07.854588500+00:00,720,away,0,2,2026-05-26 15:12:07.854588500+00:00,,,,
18941989,2026-05-26,2026-05-26 15:42:14.862782+00:00,2573,away,0,3,2026-05-26 15:42:14.862782+00:00,,,,
18941989,2026-05-26,2026-05-26 16:45:25.328174+00:00,0,away,0,5,2026-05-26 16:45:25.328174+00:00,,,,
18941990,2026-05-26,2026-05-26 13:41:57.732220900+00:00,5100,away,0,1,2026-05-26 13:41:57.732220900+00:00,,,,
18941991,2026-05-26,2026-05-26 16:16:29.724671+00:00,780,away,0,1,2026-05-26 16:16:29.724671+00:00,,,,
18941991,2026-05-26,2026-05-26 16:18:26.910900300+00:00,840,away,0,2,2026-05-26 16:18:26.910900300+00:00,,,,
18941991,2026-05-26,2026-05-26 16:19:49.045972100+00:00,960,away,0,3,2026-05-26 16:19:49.045972100+00:00,,,,
18941991,2026-05-26,2026-05-26 16:20:30.689381500+00:00,960,away,0,4,2026-05-26 16:20:30.689381500+00:00,,,,
18941991,2026-05-26,2026-05-26 17:28:30.022022700+00:00,4200,home,1,4,2026-05-26 17:28:30.022022700+00:00,,,,
18941991,2026-05-26,2026-05-26 17:50:29.528911200+00:00,5520,home,2,4,2026-05-26 17:50:29.528911200+00:00,,,,
18941991,2026-05-26,2026-05-26 17:51:24.121636700+00:00,0,away,2,7,2026-05-26 17:51:24.121636700+00:00,,,,
18941994,2026-05-26,2026-05-26 00:04:28.122122600+00:00,240,home,1,0,2026-05-26 00:04:28.122122600+00:00,,,,
18941994,2026-05-26,2026-05-26 00:30:27.061599300+00:00,1740,home,2,0,2026-05-26 00:30:27.061599300+00:00,,,,
18941994,2026-05-26,2026-05-26 00:36:42.550358900+00:00,2160,away,2,1,2026-05-26 00:36:42.550358900+00:00,,,,
18941994,2026-05-26,2026-05-26 00:38:44.547287200+00:00,2280,home,3,1,2026-05-26 00:38:44.547287200+00:00,,,,
18941995,2026-05-26,2026-05-26 16:01:51.374288600+00:00,180,away,0,1,2026-05-26 16:01:51.374288600+00:00,,,,
18941995,2026-05-26,2026-05-26 16:22:31.888231600+00:00,1440,home,1,1,2026-05-26 16:22:31.888231600+00:00,,,,
18941995,2026-05-26,2026-05-26 17:48:53.118502200+00:00,0,home,2,1,2026-05-26 17:48:53.118502200+00:00,,,,
18941997,2026-05-26,2026-05-26 17:27:37.149749100+00:00,1740,home,1,0,2026-05-26 17:27:37.149749100+00:00,,,,
18941997,2026-05-26,2026-05-26 17:31:58.750824+00:00,1980,home,2,0,2026-05-26 17:31:58.750824+00:00,,,,
18941997,2026-05-26,2026-05-26 17:36:13.997252500+00:00,2220,away,2,1,2026-05-26 17:36:13.997252500+00:00,,,,
18941997,2026-05-26,2026-05-26 18:18:31.412303600+00:00,2700,home,3,1,2026-05-26 18:18:31.412303600+00:00,,,,
18941997,2026-05-26,2026-05-26 18:51:37.817410700+00:00,0,home,5,1,2026-05-26 18:51:37.817410700+00:00,,,,
18941998,2026-05-26,2026-05-26 15:53:29.453582900+00:00,1312,home,1,0,2026-05-26 15:53:29.453582900+00:00,,,,
18941998,2026-05-26,2026-05-26 16:06:59.581378700+00:00,2120,away,1,1,2026-05-26 16:06:59.581378700+00:00,,,,
18941998,2026-05-26,2026-05-26 17:22:35.971441100+00:00,0,home,2,1,2026-05-26 17:22:35.971441100+00:00,,,,
18941999,2026-05-26,2026-05-26 16:11:08.360719500+00:00,420,away,0,1,2026-05-26 16:11:08.360719500+00:00,,,,
18941999,2026-05-26,2026-05-26 17:26:59.899284200+00:00,5400,home,1,1,2026-05-26 17:26:59.899284200+00:00,,,,
18941999,2026-05-26,2026-05-26 17:52:52.242377900+00:00,0,away,1,2,2026-05-26 17:52:52.242377900+00:00,,,,
16086583,2026-05-27,2026-05-27 17:15:42.517372600+00:00,840,home,1,0,2026-05-27 17:15:42.517372600+00:00,,,,
16086583,2026-05-27,2026-05-27 17:28:23.821214700+00:00,1560,away,1,1,2026-05-27 17:28:23.821214700+00:00,,,,
16086583,2026-05-27,2026-05-27 17:36:06.130121+00:00,2040,home,2,1,2026-05-27 17:36:06.130121+00:00,,,,
18735896,2026-05-27,2026-05-27 00:44:07.115772+00:00,780,home,1,0,2026-05-27 00:44:07.115772+00:00,,,,
18735896,2026-05-27,2026-05-27 01:39:32.660254600+00:00,2911,away,1,1,2026-05-27 01:39:32.660254600+00:00,,,,
18735896,2026-05-27,2026-05-27 01:46:10.457814100+00:00,3334,home,2,1,2026-05-27 01:46:10.457814100+00:00,,,,
18735896,2026-05-27,2026-05-27 01:54:05.998783+00:00,3810,home,3,1,2026-05-27 01:54:05.998783+00:00,,,,
18735897,2026-05-27,2026-05-27 22:17:12.929779200+00:00,1024,home,1,0,2026-05-27 22:17:12.929779200+00:00,,,,
18735897,2026-05-27,2026-05-27 23:55:42.795911400+00:00,0,home,2,0,2026-05-27 23:55:42.795911400+00:00,,,,
18746262,2026-05-27,2026-05-27 22:31:52.900178700+00:00,1860,home,1,0,2026-05-27 22:31:52.900178700+00:00,,,,
18746262,2026-05-27,2026-05-27 22:46:22.260737800+00:00,2768,home,2,0,2026-05-27 22:46:22.260737800+00:00,,,,
18746262,2026-05-27,2026-05-27 23:55:16.292196100+00:00,0,home,3,0,2026-05-27 23:55:16.292196100+00:00,,,,
18834749,2026-05-27,2026-05-27 20:12:04.013586500+00:00,3007,home,1,0,2026-05-27 20:12:04.013586500+00:00,,,,
18888279,2026-05-27,2026-05-27 08:19:44.613381100+00:00,120,away,0,1,2026-05-27 08:19:44.613381100+00:00,,,,
18888279,2026-05-27,2026-05-27 08:27:05.842385700+00:00,540,home,1,1,2026-05-27 08:27:05.842385700+00:00,,,,
18888279,2026-05-27,2026-05-27 08:41:30.740276700+00:00,1440,home,2,1,2026-05-27 08:41:30.740276700+00:00,,,,
18888279,2026-05-27,2026-05-27 10:12:41.636448900+00:00,0,home,3,2,2026-05-27 10:12:41.636448900+00:00,,,,
18888279,2026-05-27,2026-05-27 10:12:41.636448900+00:00,0,away,3,2,2026-05-27 10:12:41.636448900+00:00,,,,
18893442,2026-05-27,2026-05-27 22:20:01.680044300+00:00,1175,home,1,0,2026-05-27 22:20:01.680044300+00:00,,,,
18893442,2026-05-27,2026-05-27 22:21:23.252992600+00:00,1260,away,1,1,2026-05-27 22:21:23.252992600+00:00,,,,
18948377,2026-05-27,2026-05-27 16:44:57.069935500+00:00,720,home,1,0,2026-05-27 16:44:57.069935500+00:00,,,,
18948377,2026-05-27,2026-05-27 16:50:28.579979200+00:00,1020,home,2,0,2026-05-27 16:50:28.579979200+00:00,,,,
18948377,2026-05-27,2026-05-27 16:53:20.305976700+00:00,1231,home,3,0,2026-05-27 16:53:20.305976700+00:00,,,,
18948377,2026-05-27,2026-05-27 17:08:02.944609+00:00,2100,home,4,0,2026-05-27 17:08:02.944609+00:00,,,,
18948377,2026-05-27,2026-05-27 18:06:09.795381500+00:00,4655,away,4,1,2026-05-27 18:06:09.795381500+00:00,,,,
18952774,2026-05-27,2026-05-27 14:35:30.353861700+00:00,420,away,0,1,2026-05-27 14:35:30.353861700+00:00,,,,
18952774,2026-05-27,2026-05-27 15:14:19.655430400+00:00,2760,away,0,2,2026-05-27 15:14:19.655430400+00:00,,,,
18952774,2026-05-27,2026-05-27 16:11:22.489341+00:00,5220,home,1,2,2026-05-27 16:11:22.489341+00:00,,,,
18952774,2026-05-27,2026-05-27 16:16:37.279236600+00:00,0,away,1,4,2026-05-27 16:16:37.279236600+00:00,,,,
18952775,2026-05-27,2026-05-27 20:53:26.864039600+00:00,1380,home,1,0,2026-05-27 20:53:26.864039600+00:00,,,,
18952775,2026-05-27,2026-05-27 21:18:58.304335+00:00,3000,away,1,1,2026-05-27 21:18:58.304335+00:00,,,,
18952775,2026-05-27,2026-05-27 22:28:18.961954200+00:00,0,home,2,1,2026-05-27 22:28:18.961954200+00:00,,,,
18952779,2026-05-27,2026-05-27 12:16:01.301879900+00:00,900,away,0,1,2026-05-27 12:16:01.301879900+00:00,,,,
18952779,2026-05-27,2026-05-27 13:53:52.409873800+00:00,0,away,0,2,2026-05-27 13:53:52.409873800+00:00,,,,
18952781,2026-05-27,2026-05-27 18:25:13.226350+00:00,1560,away,0,1,2026-05-27 18:25:13.226350+00:00,,,,
18952781,2026-05-27,2026-05-27 18:28:03.096509100+00:00,1800,home,1,1,2026-05-27 18:28:03.096509100+00:00,,,,
18952781,2026-05-27,2026-05-27 19:39:37.076166800+00:00,4920,home,2,1,2026-05-27 19:39:37.076166800+00:00,,,,
18952781,2026-05-27,2026-05-27 19:50:23.931632400+00:00,0,home,3,1,2026-05-27 19:50:23.931632400+00:00,,,,
18952783,2026-05-27,2026-05-27 14:39:23.663710800+00:00,540,away,0,1,2026-05-27 14:39:23.663710800+00:00,,,,
18952783,2026-05-27,2026-05-27 15:56:20.266077800+00:00,4260,away,0,2,2026-05-27 15:56:20.266077800+00:00,,,,
18952783,2026-05-27,2026-05-27 16:18:06.533594500+00:00,0,away,0,3,2026-05-27 16:18:06.533594500+00:00,,,,
18952784,2026-05-27,2026-05-27 16:15:05.397315700+00:00,2700,home,1,0,2026-05-27 16:15:05.397315700+00:00,,,,
18952784,2026-05-27,2026-05-27 16:35:06.107992100+00:00,2760,away,1,1,2026-05-27 16:35:06.107992100+00:00,,,,
18952785,2026-05-27,2026-05-27 13:23:04.506764700+00:00,5820,away,0,1,2026-05-27 13:23:04.506764700+00:00,,,,
18952788,2026-05-27,2026-05-27 18:16:21.290951500+00:00,1020,home,1,0,2026-05-27 18:16:21.290951500+00:00,,,,
18952788,2026-05-27,2026-05-27 18:18:47.116286300+00:00,1140,home,2,0,2026-05-27 18:18:47.116286300+00:00,,,,
18952789,2026-05-27,2026-05-27 15:24:02.002262600+00:00,1320,away,0,1,2026-05-27 15:24:02.002262600+00:00,,,,
18952789,2026-05-27,2026-05-27 15:26:35.491595+00:00,1500,away,0,2,2026-05-27 15:26:35.491595+00:00,,,,
18952789,2026-05-27,2026-05-27 15:39:59.487501100+00:00,2280,home,1,2,2026-05-27 15:39:59.487501100+00:00,,,,
18952789,2026-05-27,2026-05-27 16:14:53.309227100+00:00,3480,home,2,2,2026-05-27 16:14:53.309227100+00:00,,,,
18952789,2026-05-27,2026-05-27 16:50:24.620873800+00:00,0,home,3,4,2026-05-27 16:50:24.620873800+00:00,,,,
18952789,2026-05-27,2026-05-27 16:50:24.620873800+00:00,0,away,3,4,2026-05-27 16:50:24.620873800+00:00,,,,
18952790,2026-05-27,2026-05-27 08:11:15.510854400+00:00,660,home,1,0,2026-05-27 08:11:15.510854400+00:00,,,,
18952792,2026-05-27,2026-05-27 16:19:04.738348100+00:00,3660,away,0,1,2026-05-27 16:19:04.738348100+00:00,,,,
18952792,2026-05-27,2026-05-27 16:43:08.711232100+00:00,5100,away,0,2,2026-05-27 16:43:08.711232100+00:00,,,,
18952797,2026-05-27,2026-05-27 17:29:28.208067300+00:00,4320,away,0,1,2026-05-27 17:29:28.208067300+00:00,,,,
18952797,2026-05-27,2026-05-27 17:45:05.304548800+00:00,5280,away,0,2,2026-05-27 17:45:05.304548800+00:00,,,,
18952799,2026-05-27,2026-05-27 08:32:47.754059800+00:00,1980,home,1,0,2026-05-27 08:32:47.754059800+00:00,,,,
18952799,2026-05-27,2026-05-27 09:39:26.637530700+00:00,4800,away,1,1,2026-05-27 09:39:26.637530700+00:00,,,,
18952799,2026-05-27,2026-05-27 09:57:35.547395900+00:00,0,home,2,1,2026-05-27 09:57:35.547395900+00:00,,,,
18952800,2026-05-27,2026-05-27 11:36:20.104656200+00:00,2220,home,1,0,2026-05-27 11:36:20.104656200+00:00,,,,
18952800,2026-05-27,2026-05-27 11:48:55.515612+00:00,2940,home,2,0,2026-05-27 11:48:55.515612+00:00,,,,
18952802,2026-05-27,2026-05-27 15:43:38.545247800+00:00,780,home,1,0,2026-05-27 15:43:38.545247800+00:00,,,,
18952802,2026-05-27,2026-05-27 16:06:26.692563800+00:00,2160,home,2,0,2026-05-27 16:06:26.692563800+00:00,,,,
18952802,2026-05-27,2026-05-27 16:36:05.010072600+00:00,2940,away,2,1,2026-05-27 16:36:05.010072600+00:00,,,,
18952802,2026-05-27,2026-05-27 16:57:52.957943900+00:00,4200,away,2,2,2026-05-27 16:57:52.957943900+00:00,,,,
18952803,2026-05-27,2026-05-27 18:05:11.034969500+00:00,300,away,0,1,2026-05-27 18:05:11.034969500+00:00,,,,
18952803,2026-05-27,2026-05-27 18:16:26.545843600+00:00,300,home,1,1,2026-05-27 18:16:26.545843600+00:00,,,,
18952803,2026-05-27,2026-05-27 18:21:22.536260300+00:00,1260,away,1,2,2026-05-27 18:21:22.536260300+00:00,,,,
18952803,2026-05-27,2026-05-27 18:27:10.202059800+00:00,1620,home,2,2,2026-05-27 18:27:10.202059800+00:00,,,,
18952803,2026-05-27,2026-05-27 19:57:28.317020+00:00,0,away,2,3,2026-05-27 19:57:28.317020+00:00,,,,
18952814,2026-05-27,2026-05-27 13:41:43.181807200+00:00,420,home,1,0,2026-05-27 13:41:43.181807200+00:00,,,,
18952814,2026-05-27,2026-05-27 14:20:56.749288800+00:00,2760,away,1,1,2026-05-27 14:20:56.749288800+00:00,,,,
18952814,2026-05-27,2026-05-27 15:33:32.475019500+00:00,0,away,1,2,2026-05-27 15:33:32.475019500+00:00,,,,
18952816,2026-05-27,2026-05-27 17:04:00.857583100+00:00,2700,away,0,1,2026-05-27 17:04:00.857583100+00:00,,,,
18952816,2026-05-27,2026-05-27 17:39:49.210412400+00:00,4920,home,1,1,2026-05-27 17:39:49.210412400+00:00,,,,
18952816,2026-05-27,2026-05-27 17:51:05.620055200+00:00,0,away,1,2,2026-05-27 17:51:05.620055200+00:00,,,,
18952823,2026-05-27,2026-05-27 16:39:54.268342+00:00,420,away,0,1,2026-05-27 16:39:54.268342+00:00,,,,
18952823,2026-05-27,2026-05-27 17:41:04.582669+00:00,3180,away,0,2,2026-05-27 17:41:04.582669+00:00,,,,
18952823,2026-05-27,2026-05-27 17:46:05.025419600+00:00,3480,away,0,3,2026-05-27 17:46:05.025419600+00:00,,,,
18952823,2026-05-27,2026-05-27 17:55:12.692655900+00:00,4020,away,0,4,2026-05-27 17:55:12.692655900+00:00,,,,
18952823,2026-05-27,2026-05-27 17:58:52.183712900+00:00,4200,away,0,5,2026-05-27 17:58:52.183712900+00:00,,,,
18952823,2026-05-27,2026-05-27 18:18:31.876119300+00:00,5400,away,0,6,2026-05-27 18:18:31.876119300+00:00,,,,
18952823,2026-05-27,2026-05-27 18:19:25.544248100+00:00,5460,away,0,7,2026-05-27 18:19:25.544248100+00:00,,,,
18952823,2026-05-27,2026-05-27 18:21:37.306129200+00:00,0,away,0,8,2026-05-27 18:21:37.306129200+00:00,,,,
18952827,2026-05-27,2026-05-27 16:11:27.749290900+00:00,4800,home,1,0,2026-05-27 16:11:27.749290900+00:00,,,,
18952835,2026-05-27,2026-05-27 17:19:29.098192600+00:00,3780,away,0,1,2026-05-27 17:19:29.098192600+00:00,,,,
18952835,2026-05-27,2026-05-27 17:28:20.133442400+00:00,4320,away,0,2,2026-05-27 17:28:20.133442400+00:00,,,,
18952835,2026-05-27,2026-05-27 17:34:20.058626500+00:00,4680,away,0,3,2026-05-27 17:34:20.058626500+00:00,,,,
18952835,2026-05-27,2026-05-27 17:36:39.382033400+00:00,4800,away,0,4,2026-05-27 17:36:39.382033400+00:00,,,,
18952842,2026-05-27,2026-05-27 19:56:00.244119700+00:00,2400,home,1,0,2026-05-27 19:56:00.244119700+00:00,,,,
18952842,2026-05-27,2026-05-27 20:51:31.427599400+00:00,4380,home,2,0,2026-05-27 20:51:31.427599400+00:00,,,,
18952842,2026-05-27,2026-05-27 21:14:25.300436+00:00,0,home,3,0,2026-05-27 21:14:25.300436+00:00,,,,
18952844,2026-05-27,2026-05-27 08:12:31.685518300+00:00,2520,away,0,1,2026-05-27 08:12:31.685518300+00:00,,,,
18952844,2026-05-27,2026-05-27 08:59:12.151883800+00:00,3960,home,1,1,2026-05-27 08:59:12.151883800+00:00,,,,
18952845,2026-05-27,2026-05-27 13:42:50.075843+00:00,1799,away,0,1,2026-05-27 13:42:50.075843+00:00,,,,
18952845,2026-05-27,2026-05-27 13:49:26.083311800+00:00,2220,away,0,2,2026-05-27 13:49:26.083311800+00:00,,,,
18952850,2026-05-27,2026-05-27 14:24:51.513518900+00:00,2880,home,1,0,2026-05-27 14:24:51.513518900+00:00,,,,
18952850,2026-05-27,2026-05-27 15:38:03.708700200+00:00,0,home,2,0,2026-05-27 15:38:03.708700200+00:00,,,,
18952851,2026-05-27,2026-05-27 14:47:39.502665200+00:00,3312,away,0,1,2026-05-27 14:47:39.502665200+00:00,,,,
18952854,2026-05-27,2026-05-27 00:41:47.294380500+00:00,1860,home,1,0,2026-05-27 00:41:47.294380500+00:00,,,,
18952854,2026-05-27,2026-05-27 01:23:05.374206300+00:00,3300,away,1,1,2026-05-27 01:23:05.374206300+00:00,,,,
18952854,2026-05-27,2026-05-27 01:29:46.690300500+00:00,3660,away,1,2,2026-05-27 01:29:46.690300500+00:00,,,,
18959836,2026-05-27,2026-05-27 22:25:01.747545100+00:00,1560,home,1,0,2026-05-27 22:25:01.747545100+00:00,,,,
18959836,2026-05-27,2026-05-27 23:55:09.657109+00:00,0,home,2,0,2026-05-27 23:55:09.657109+00:00,,,,
18959837,2026-05-27,2026-05-27 23:41:47.400826900+00:00,2820,away,0,1,2026-05-27 23:41:47.400826900+00:00,,,,
18746260,2026-05-28,2026-05-28 00:46:54.967075500+00:00,960,away,0,1,2026-05-28 00:46:54.967075500+00:00,,,,
18746260,2026-05-28,2026-05-28 02:07:21.622370400+00:00,4562,home,1,1,2026-05-28 02:07:21.622370400+00:00,,,,
18746260,2026-05-28,2026-05-28 02:24:12.788107900+00:00,5520,home,2,1,2026-05-28 02:24:12.788107900+00:00,,,,
18746261,2026-05-28,2026-05-28 01:44:31.312521400+00:00,3386,home,1,0,2026-05-28 01:44:31.312521400+00:00,,,,
18746261,2026-05-28,2026-05-28 01:59:42.173729200+00:00,4295,home,2,0,2026-05-28 01:59:42.173729200+00:00,,,,
18746261,2026-05-28,2026-05-28 02:11:16.837043500+00:00,4980,home,3,0,2026-05-28 02:11:16.837043500+00:00,,,,
18962589,2026-05-28,2026-05-28 00:42:09.670376400+00:00,724,away,0,1,2026-05-28 00:42:09.670376400+00:00,,,,
18963491,2026-05-28,2026-05-28 10:17:34.418902100+00:00,1020,away,0,1,2026-05-28 10:17:34.418902100+00:00,,,,
18963491,2026-05-28,2026-05-28 10:30:42.165158600+00:00,1800,home,1,1,2026-05-28 10:30:42.165158600+00:00,,,,
18963491,2026-05-28,2026-05-28 10:36:36.519140200+00:00,2160,home,2,1,2026-05-28 10:36:36.519140200+00:00,,,,
18963491,2026-05-28,2026-05-28 11:58:48.313402200+00:00,0,home,3,2,2026-05-28 11:58:48.313402200+00:00,,,,
18963491,2026-05-28,2026-05-28 11:58:48.313402200+00:00,0,away,3,2,2026-05-28 11:58:48.313402200+00:00,,,,
18963505,2026-05-28,2026-05-28 00:45:44.718650800+00:00,960,home,1,0,2026-05-28 00:45:44.718650800+00:00,,,,
18963505,2026-05-28,2026-05-28 00:51:36.992901600+00:00,1260,away,1,1,2026-05-28 00:51:36.992901600+00:00,,,,
18963505,2026-05-28,2026-05-28 01:06:14.459495500+00:00,2160,home,2,1,2026-05-28 01:06:14.459495500+00:00,,,,
18963505,2026-05-28,2026-05-28 02:22:47.230005700+00:00,5280,away,2,2,2026-05-28 02:22:47.230005700+00:00,,,,
18963505,2026-05-28,2026-05-28 02:28:42.107034300+00:00,5700,away,2,3,2026-05-28 02:28:42.107034300+00:00,,,,
18963505,2026-05-28,2026-05-28 02:29:56.566442900+00:00,0,home,3,4,2026-05-28 02:29:56.566442900+00:00,,,,
18963505,2026-05-28,2026-05-28 02:29:56.566442900+00:00,0,away,3,4,2026-05-28 02:29:56.566442900+00:00,,,,
18963509,2026-05-28,2026-05-28 01:10:55.114656900+00:00,2160,away,0,1,2026-05-28 01:10:55.114656900+00:00,,,,
18963509,2026-05-28,2026-05-28 02:35:44.379514400+00:00,0,away,0,2,2026-05-28 02:35:44.379514400+00:00,,,,
18963516,2026-05-28,2026-05-28 00:39:58.571292500+00:00,540,home,1,0,2026-05-28 00:39:58.571292500+00:00,,,,
18963516,2026-05-28,2026-05-28 00:41:34.489132700+00:00,685,away,1,1,2026-05-28 00:41:34.489132700+00:00,,,,
18963516,2026-05-28,2026-05-28 00:57:34.100566400+00:00,1643,home,2,1,2026-05-28 00:57:34.100566400+00:00,,,,
18963516,2026-05-28,2026-05-28 02:24:23.581402200+00:00,0,home,3,1,2026-05-28 02:24:23.581402200+00:00,,,,
18963519,2026-05-28,2026-05-28 02:45:56.758064400+00:00,840,away,0,1,2026-05-28 02:45:56.758064400+00:00,,,,
18963519,2026-05-28,2026-05-28 03:01:56.951403500+00:00,1800,home,1,1,2026-05-28 03:01:56.951403500+00:00,,,,
18963519,2026-05-28,2026-05-28 03:19:26.874273600+00:00,2880,home,2,1,2026-05-28 03:19:26.874273600+00:00,,,,
18963519,2026-05-28,2026-05-28 04:25:12.749663300+00:00,0,home,3,2,2026-05-28 04:25:12.749663300+00:00,,,,
18963519,2026-05-28,2026-05-28 04:25:12.749663300+00:00,0,away,3,2,2026-05-28 04:25:12.749663300+00:00,,,,
18963521,2026-05-28,2026-05-28 00:18:31.429319200+00:00,1080,home,1,0,2026-05-28 00:18:31.429319200+00:00,,,,
18963521,2026-05-28,2026-05-28 00:43:50.009239600+00:00,2580,away,1,1,2026-05-28 00:43:50.009239600+00:00,,,,
18963521,2026-05-28,2026-05-28 01:48:57.636985600+00:00,5460,away,1,2,2026-05-28 01:48:57.636985600+00:00,,,,
18963521,2026-05-28,2026-05-28 01:52:48.677516200+00:00,5700,away,1,3,2026-05-28 01:52:48.677516200+00:00,,,,
18963521,2026-05-28,2026-05-28 01:54:15.166816700+00:00,0,away,1,4,2026-05-28 01:54:15.166816700+00:00,,,,
18969240,2026-05-28,2026-05-28 00:50:31.539672200+00:00,1222,away,0,1,2026-05-28 00:50:31.539672200+00:00,,,,
18969240,2026-05-28,2026-05-28 02:28:02.957485700+00:00,0,away,0,2,2026-05-28 02:28:02.957485700+00:00,,,,
18979379,2026-05-28,2026-05-28 01:22:11.513669+00:00,3104,away,0,1,2026-05-28 01:22:11.513669+00:00,,,,
18979379,2026-05-28,2026-05-28 01:49:10.851331500+00:00,3282,home,1,1,2026-05-28 01:49:10.851331500+00:00,,,,
18979379,2026-05-28,2026-05-28 02:29:12.791135700+00:00,5640,away,1,2,2026-05-28 02:29:12.791135700+00:00,,,,
18979379,2026-05-28,2026-05-28 02:31:11.824403700+00:00,0,away,1,3,2026-05-28 02:31:11.824403700+00:00,,,,
18999021,2026-05-28,2026-05-28 10:31:21.124682+00:00,1920,home,1,0,2026-05-28 10:31:21.124682+00:00,,,,
18999021,2026-05-28,2026-05-28 10:34:11.224445200+00:00,2100,away,1,1,2026-05-28 10:34:11.224445200+00:00,,,,
18999021,2026-05-28,2026-05-28 11:53:44.687686400+00:00,0,home,2,2,2026-05-28 11:53:44.687686400+00:00,,,,
18999021,2026-05-28,2026-05-28 11:53:44.687686400+00:00,0,away,2,2,2026-05-28 11:53:44.687686400+00:00,,,,
19009072,2026-05-28,2026-05-28 01:02:44.634568400+00:00,0,home,1,0,2026-05-28 01:02:44.634568400+00:00,,,,
19009072,2026-05-28,2026-05-28 01:16:23.813294100+00:00,840,away,1,1,2026-05-28 01:16:23.813294100+00:00,,,,
19009072,2026-05-28,2026-05-28 02:59:07.900516800+00:00,0,away,1,2,2026-05-28 02:59:07.900516800+00:00,,,,
19010303,2026-05-28,2026-05-28 06:30:12.328436600+00:00,0,away,0,1,2026-05-28 06:30:12.328436600+00:00,,,,
19011292,2026-05-28,2026-05-28 03:21:09.757705300+00:00,0,away,0,2,2026-05-28 03:21:09.757705300+00:00,,,,
19011292,2026-05-28,2026-05-28 03:21:09.760704+00:00,0,home,1,2,2026-05-28 03:21:09.760704+00:00,,,,
19011292,2026-05-28,2026-05-28 03:21:09.767548800+00:00,0,away,1,3,2026-05-28 03:21:09.767548800+00:00,,,,
19013983,2026-05-28,2026-05-28 00:38:28.654312400+00:00,360,away,0,1,2026-05-28 00:38:28.654312400+00:00,,,,
19013983,2026-05-28,2026-05-28 02:25:34.114200100+00:00,0,away,0,2,2026-05-28 02:25:34.114200100+00:00,,,,
19018309,2026-05-28,2026-05-28 02:20:28.545658800+00:00,3300,away,0,1,2026-05-28 02:20:28.545658800+00:00,,,,
19018309,2026-05-28,2026-05-28 02:26:19.612434+00:00,3594,away,0,2,2026-05-28 02:26:19.612434+00:00,,,,
19018402,2026-05-28,2026-05-28 02:36:50.094180800+00:00,4307,home,1,0,2026-05-28 02:36:50.094180800+00:00,,,,
19018402,2026-05-28,2026-05-28 02:43:14.809702700+00:00,4693,home,2,0,2026-05-28 02:43:14.809702700+00:00,,,,
19019085,2026-05-28,2026-05-28 02:23:17.034672600+00:00,3660,away,0,1,2026-05-28 02:23:17.034672600+00:00,,,,
19019085,2026-05-28,2026-05-28 02:33:47.112996400+00:00,4320,home,1,1,2026-05-28 02:33:47.112996400+00:00,,,,
19019085,2026-05-28,2026-05-28 02:50:06.866140400+00:00,5280,away,1,2,2026-05-28 02:50:06.866140400+00:00,,,,
19019449,2026-05-28,2026-05-28 07:34:46.933732400+00:00,2070,away,0,1,2026-05-28 07:34:46.933732400+00:00,,,,
19019449,2026-05-28,2026-05-28 07:43:31.456473+00:00,2595,away,0,2,2026-05-28 07:43:31.456473+00:00,,,,
19019449,2026-05-28,2026-05-28 08:51:36.374777300+00:00,0,away,0,3,2026-05-28 08:51:36.374777300+00:00,,,,
19019450,2026-05-28,2026-05-28 08:20:47.093500700+00:00,3810,away,0,1,2026-05-28 08:20:47.093500700+00:00,,,,
19021457,2026-05-28,2026-05-28 00:46:51.640851900+00:00,960,home,1,0,2026-05-28 00:46:51.640851900+00:00,,,,
19021457,2026-05-28,2026-05-28 00:51:37.265995700+00:00,1200,home,2,0,2026-05-28 00:51:37.265995700+00:00,,,,
19021475,2026-05-28,2026-05-28 01:56:19.572742+00:00,4140,home,1,0,2026-05-28 01:56:19.572742+00:00,,,,
19021475,2026-05-28,2026-05-28 02:03:28.964483100+00:00,4560,away,1,1,2026-05-28 02:03:28.964483100+00:00,,,,
19021475,2026-05-28,2026-05-28 02:05:51.941753700+00:00,4680,home,2,1,2026-05-28 02:05:51.941753700+00:00,,,,
19021475,2026-05-28,2026-05-28 02:11:02.366475700+00:00,4980,away,2,2,2026-05-28 02:11:02.366475700+00:00,,,,
19021475,2026-05-28,2026-05-28 02:16:03.617962300+00:00,5280,away,2,3,2026-05-28 02:16:03.617962300+00:00,,,,
19021475,2026-05-28,2026-05-28 02:23:10.246989100+00:00,5700,away,2,4,2026-05-28 02:23:10.246989100+00:00,,,,
19022088,2026-05-28,2026-05-28 01:38:12.817858+00:00,240,home,1,0,2026-05-28 01:38:12.817858+00:00,,,,
19022088,2026-05-28,2026-05-28 02:10:14.743674+00:00,2220,home,2,0,2026-05-28 02:10:14.743674+00:00,,,,
19022088,2026-05-28,2026-05-28 02:17:52.822528400+00:00,2580,away,2,1,2026-05-28 02:17:52.822528400+00:00,,,,
19022088,2026-05-28,2026-05-28 02:19:46.860505300+00:00,2700,home,3,1,2026-05-28 02:19:46.860505300+00:00,,,,
19022088,2026-05-28,2026-05-28 03:19:44.118192200+00:00,5160,away,3,2,2026-05-28 03:19:44.118192200+00:00,,,,
19022088,2026-05-28,2026-05-28 03:24:42.845455500+00:00,5400,away,3,3,2026-05-28 03:24:42.845455500+00:00,,,,
19022088,2026-05-28,2026-05-28 03:31:53.779641+00:00,0,home,4,4,2026-05-28 03:31:53.779641+00:00,,,,
19022088,2026-05-28,2026-05-28 03:31:53.779641+00:00,0,away,4,4,2026-05-28 03:31:53.779641+00:00,,,,
19024895,2026-05-28,2026-05-28 08:08:03.758069+00:00,3000,home,1,0,2026-05-28 08:08:03.758069+00:00,,,,
19024895,2026-05-28,2026-05-28 08:22:40.065449900+00:00,3900,home,2,0,2026-05-28 08:22:40.065449900+00:00,,,,
19024896,2026-05-28,2026-05-28 08:31:47.278924100+00:00,4320,away,0,1,2026-05-28 08:31:47.278924100+00:00,,,,
19024897,2026-05-28,2026-05-28 07:10:04.472667+00:00,480,away,0,1,2026-05-28 07:10:04.472667+00:00,,,,
19024897,2026-05-28,2026-05-28 07:30:46.780959600+00:00,1740,home,1,1,2026-05-28 07:30:46.780959600+00:00,,,,
19024897,2026-05-28,2026-05-28 08:44:30.568845100+00:00,4980,home,2,1,2026-05-28 08:44:30.568845100+00:00,,,,
19024897,2026-05-28,2026-05-28 08:56:48.323864900+00:00,0,home,3,1,2026-05-28 08:56:48.323864900+00:00,,,,
19025377,2026-05-28,2026-05-28 09:13:48.083643900+00:00,780,away,0,1,2026-05-28 09:13:48.083643900+00:00,,,,
19025377,2026-05-28,2026-05-28 09:23:50.947050400+00:00,1380,home,1,1,2026-05-28 09:23:50.947050400+00:00,,,,
19025377,2026-05-28,2026-05-28 09:36:50.937033600+00:00,2160,home,2,1,2026-05-28 09:36:50.937033600+00:00,,,,
19025401,2026-05-28,2026-05-28 09:10:06.981918300+00:00,2325,away,0,1,2026-05-28 09:10:06.981918300+00:00,,,,
19025401,2026-05-28,2026-05-28 09:48:03.340539+00:00,3390,home,1,1,2026-05-28 09:48:03.340539+00:00,,,,
19025401,2026-05-28,2026-05-28 10:02:31.589140100+00:00,4260,home,2,1,2026-05-28 10:02:31.589140100+00:00,,,,
19025401,2026-05-28,2026-05-28 10:23:02.010190100+00:00,0,away,2,2,2026-05-28 10:23:02.010190100+00:00,,,,
19025767,2026-05-28,2026-05-28 09:28:53.128706300+00:00,1680,away,0,1,2026-05-28 09:28:53.128706300+00:00,,,,
19025767,2026-05-28,2026-05-28 10:43:14.245281900+00:00,5100,away,0,2,2026-05-28 10:43:14.245281900+00:00,,,,
19025767,2026-05-28,2026-05-28 10:53:48.083907200+00:00,0,away,0,3,2026-05-28 10:53:48.083907200+00:00,,,,
19025796,2026-05-28,2026-05-28 09:19:01.056830900+00:00,960,home,1,0,2026-05-28 09:19:01.056830900+00:00,,,,
19025796,2026-05-28,2026-05-28 10:10:09.064107500+00:00,3180,home,2,0,2026-05-28 10:10:09.064107500+00:00,,,,
19025796,2026-05-28,2026-05-28 10:27:08.246490300+00:00,4200,home,3,0,2026-05-28 10:27:08.246490300+00:00,,,,
19025796,2026-05-28,2026-05-28 10:39:29.312549700+00:00,4920,home,4,0,2026-05-28 10:39:29.312549700+00:00,,,,
19025796,2026-05-28,2026-05-28 10:40:32.865948+00:00,4980,home,5,0,2026-05-28 10:40:32.865948+00:00,,,,
19025796,2026-05-28,2026-05-28 10:47:28.990896600+00:00,0,home,6,0,2026-05-28 10:47:28.990896600+00:00,,,,
19026910,2026-05-28,2026-05-28 10:30:20.173864100+00:00,900,home,2,0,2026-05-28 10:30:20.173864100+00:00,,,,
19026910,2026-05-28,2026-05-28 10:42:05.460245700+00:00,1440,home,3,0,2026-05-28 10:42:05.460245700+00:00,,,,
19026910,2026-05-28,2026-05-28 10:43:23.539122+00:00,1440,home,4,0,2026-05-28 10:43:23.539122+00:00,,,,
19028971,2026-05-28,2026-05-28 01:29:59.419168700+00:00,1800,away,0,1,2026-05-28 01:29:59.419168700+00:00,,,,
19028971,2026-05-28,2026-05-28 01:33:07.793997700+00:00,2040,away,0,2,2026-05-28 01:33:07.793997700+00:00,,,,
19028971,2026-05-28,2026-05-28 02:04:37.355484400+00:00,2820,home,1,2,2026-05-28 02:04:37.355484400+00:00,,,,
19028971,2026-05-28,2026-05-28 02:15:45.733129600+00:00,3480,home,2,2,2026-05-28 02:15:45.733129600+00:00,,,,
19028971,2026-05-28,2026-05-28 02:26:17.655147300+00:00,4140,home,3,2,2026-05-28 02:26:17.655147300+00:00,,,,
19030728,2026-05-28,2026-05-28 01:16:04.020421400+00:00,0,home,1,4,2026-05-28 01:16:04.020421400+00:00,,,,
19030728,2026-05-28,2026-05-28 01:16:04.020421400+00:00,0,away,1,4,2026-05-28 01:16:04.020421400+00:00,,,,
19030728,2026-05-28,2026-05-28 01:16:04.022277700+00:00,0,home,2,5,2026-05-28 01:16:04.022277700+00:00,,,,
19030728,2026-05-28,2026-05-28 01:16:04.022277700+00:00,0,away,2,5,2026-05-28 01:16:04.022277700+00:00,,,,
19030877,2026-05-28,2026-05-28 01:17:05.107214+00:00,0,home,1,2,2026-05-28 01:17:05.107214+00:00,,,,
19030877,2026-05-28,2026-05-28 01:17:05.107214+00:00,0,away,1,2,2026-05-28 01:17:05.107214+00:00,,,,
19030877,2026-05-28,2026-05-28 01:17:05.107955400+00:00,0,home,3,2,2026-05-28 01:17:05.107955400+00:00,,,,
19030877,2026-05-28,2026-05-28 01:17:05.109219100+00:00,0,home,4,4,2026-05-28 01:17:05.109219100+00:00,,,,
19030877,2026-05-28,2026-05-28 01:17:05.109219100+00:00,0,away,4,4,2026-05-28 01:17:05.109219100+00:00,,,,
19030969,2026-05-28,2026-05-28 01:17:25.086855800+00:00,0,home,4,2,2026-05-28 01:17:25.086855800+00:00,,,,
19030969,2026-05-28,2026-05-28 01:17:25.086855800+00:00,0,away,4,2,2026-05-28 01:17:25.086855800+00:00,,,,
19030969,2026-05-28,2026-05-28 01:17:25.089455+00:00,0,home,5,3,2026-05-28 01:17:25.089455+00:00,,,,
19030969,2026-05-28,2026-05-28 01:17:25.089455+00:00,0,away,5,3,2026-05-28 01:17:25.089455+00:00,,,,
19030970,2026-05-28,2026-05-28 01:17:25.091004200+00:00,0,home,3,1,2026-05-28 01:17:25.091004200+00:00,,,,
19030970,2026-05-28,2026-05-28 01:17:25.091004200+00:00,0,away,3,1,2026-05-28 01:17:25.091004200+00:00,,,,
