fixture_id,event_date,n_live_events,median_event_gap_sec,p90_event_gap_sec,archive_lag_p50_sec,n_goals,polymarket_reaction_latency_sec,stale_window_sec
15901017,2026-05-24,,,,1841.263223,1,,
16012237,2026-05-24,2279.0,1.5651553,6.125370550000003,3559.003275,4,,
16050307,2026-05-24,1385.0,3.6454988999999998,8.874860380000001,4855.123151,0,,
16068930,2026-05-24,2868.0,1.5511454,5.24235134,4912.41689075,3,,
16086585,2026-05-24,2954.0,1.4643697,5.134959480000002,8041.4499573,4,,
16086591,2026-05-24,2707.0,1.5738059,5.0812083,8735.0420154,2,,
16086592,2026-05-24,2313.0,1.6073401500000002,5.813773990000001,8742.624085399999,2,,
16086598,2026-05-24,2727.0,1.5075259,5.55186925,6872.458159,2,,
16086610,2026-05-24,2659.0,1.4558636,5.385467200000003,8165.4816748,3,,
16086619,2026-05-24,1649.0,2.38602735,8.52867271,6978.8691799,2,,
16086620,2026-05-24,2843.0,1.4640388999999998,4.95912074,6937.3602832,2,,
16086621,2026-05-24,1708.0,2.2138315,8.637797540000001,7065.5597581,2,,
16086626,2026-05-24,1329.0,2.797186,9.04924995,5000.0196782,3,,
16086627,2026-05-24,2668.0,1.5131893,5.376334440000001,7237.3505535,4,,
16086629,2026-05-24,1771.0,2.4909278,7.509732620000001,7806.7765561,6,,
16099596,2026-05-24,1243.0,4.21097225,9.058063450000002,5409.81143405,3,,
16111065,2026-05-24,747.0,4.716830549999999,23.136601900000002,7035.3711242,4,,
16111091,2026-05-24,1416.0,3.5625168,8.873780180000002,4067.3631387,4,,
16111097,2026-05-24,1406.0,3.368102,8.892075180000003,5225.2630867,9,,
16121015,2026-05-24,1497.0,3.2912698000000002,8.80008635,7492.9948938,2,,
16550791,2026-05-24,2702.0,1.6093287,4.8811828,5737.3965987,3,,
18616927,2026-05-24,7.0,12.1748949,27.606797550000003,1716.4485753,1,,
18706857,2026-05-24,3976.0,1.4073858,5.071089,6448.2369416,4,,
18716688,2026-05-24,1270.0,2.620541,9.7732481,2407.8917542,1,,
18719306,2026-05-24,1464.0,3.0911782,8.7904815,6340.2165422,0,,
18724567,2026-05-24,2302.0,1.6092762,6.6384276,4760.6513364,4,,
18724568,2026-05-24,1584.0,2.633685,7.893738579999997,5663.0101909,3,,
18724879,2026-05-24,1457.0,2.89380995,9.2549063,5388.7282187,3,,
18724948,2026-05-24,1103.0,2.9603469999999996,9.824297339999998,7584.14838555,4,,
18737025,2026-05-24,1943.0,1.6693679,6.559959920000005,5910.2228481,2,,
18797549,2026-05-24,1503.0,2.8441969,8.678140500000003,6294.6143657,2,,
18834533,2026-05-24,762.0,7.0736754,17.688667,8761.570538700002,7,,
18856432,2026-05-24,2859.0,1.52012005,5.223063490000001,6249.1842902,3,,
18858175,2026-05-24,120.0,58.4352338,68.9000565,2788.13815965,0,,
18858181,2026-05-24,,,,3807.1885312,2,,
18858196,2026-05-24,,,,3882.693501,2,,
18860049,2026-05-24,1424.0,3.4326521,8.59543252,6609.1369868,3,,
18860050,2026-05-24,1355.0,3.4843258,9.134205170000001,7876.482176199999,4,,
18860051,2026-05-24,1452.0,3.2349238,8.3651856,6672.9515201,4,,
18861668,2026-05-24,1346.0,3.5393676,9.079033560000001,6444.2578246,4,,
16121012,2026-05-25,1356.0,3.280579,8.99736608,8185.9977971,2,,
18716687,2026-05-25,1454.0,2.7472426,9.068735219999999,2834.4945059,2,,
18716689,2026-05-25,1415.0,2.53320935,9.24197835,4559.4429949,4,,
18716690,2026-05-25,1442.0,2.5990723,9.2982506,7192.701323,5,,
18870307,2026-05-25,2679.0,1.63755735,5.4437385500000035,3179.3625586,5,,
18871274,2026-05-25,2067.0,1.7177153,6.21644605,8472.0871357,2,,
18893694,2026-05-25,1110.0,4.9404791,10.443885620000001,7109.8503727,9,,
18894361,2026-05-25,1284.0,2.5902587,9.531345019999995,7442.5452184,3,,
18896872,2026-05-25,2602.0,1.6180136,5.5953905,7537.5283154,2,,
18896873,2026-05-25,2315.0,1.74157685,6.09723766,7247.41097605,3,,
18896874,2026-05-25,2052.0,1.7549017,6.3182643,8438.8955561,2,,
18896875,2026-05-25,2513.0,1.6633822500000002,5.71496812,9256.4013804,2,,
18896876,2026-05-25,1915.0,1.5635816,6.947935480000001,7148.3261267,2,,
18904058,2026-05-25,2518.0,1.5454788,5.40279154,4909.90953075,1,,
18912675,2026-05-25,1498.0,3.0078574,8.951456460000001,3644.0472434,0,,
18913156,2026-05-25,766.0,7.871523,10.38796464,5309.01603515,1,,
18914886,2026-05-25,2735.0,1.5554242999999999,5.442974480000002,9341.5024103,3,,
18922547,2026-05-25,1462.0,2.7454875,9.0371322,6723.44776055,1,,
18922550,2026-05-25,1465.0,2.50339065,8.793441890000002,7100.7450852,5,,
18922554,2026-05-25,1283.0,2.5304669,9.013261520000004,5935.0491149,3,,
18922555,2026-05-25,1484.0,3.3363554,8.89922348,4939.6205084,0,,
18922582,2026-05-25,1526.0,2.9064298,8.726788200000001,4852.3844816,0,,
18922583,2026-05-25,1523.0,2.935103,8.663565290000005,4513.9295906,2,,
18922644,2026-05-25,1458.0,3.2007267,8.86818852,3868.1689602,4,,
18926373,2026-05-25,82.0,60.1592345,67.6710643,7109.39461125,5,,
18931973,2026-05-25,69.0,59.98606255,70.09223785,5161.1378425,1,,
18931974,2026-05-25,1233.0,2.5956691999999997,9.340177740000007,4389.0623808,3,,
18931975,2026-05-25,1549.0,2.54314465,8.773101989999999,5511.182005750001,2,,
18931976,2026-05-25,2427.0,1.68289365,5.7385068,6953.7255997,2,,
18931977,2026-05-25,2428.0,1.5542361,5.59998546,4148.30925485,5,,
18931978,2026-05-25,223.0,22.4669466,59.40278535,6491.907076150001,2,,
18931979,2026-05-25,103.0,59.7019979,66.71815638000001,6060.2101869,2,,
18931980,2026-05-25,154.0,38.9765122,61.211267740000004,4406.7058599,5,,
18931981,2026-05-25,1462.0,3.4082038,8.6376094,5893.8255267,2,,
18931982,2026-05-25,113.0,58.8565629,64.01232299,6629.4670488,0,,
18931983,2026-05-25,2500.0,1.7329221,5.587116840000005,4866.10160825,3,,
18931984,2026-05-25,709.0,7.6063279999999995,17.483015880000007,6673.7941296,8,,
18931985,2026-05-25,1208.0,2.8411875,8.932621,5983.4481189,1,,
18931986,2026-05-25,118.0,59.7404644,65.03244754,5902.807377900001,1,,
18931987,2026-05-25,1141.0,2.8086875,9.586557720000002,5170.3733143,4,,
16043948,2026-05-26,1400.0,2.941686,8.543191700000001,3240.94729345,1,,
16043950,2026-05-26,1179.0,3.2014932,9.739085039999999,7397.2038142500005,3,,
16084494,2026-05-26,1666.0,3.0881039,9.06200312,8908.0741814,3,,
16086584,2026-05-26,1752.0,3.1364069,8.7376881,5658.6497767500005,4,,
16086586,2026-05-26,1495.0,3.2620275999999997,8.69363014,4960.4817874,4,,
16086594,2026-05-26,1771.0,2.7381957999999997,8.44223839,8903.055882,7,,
16086597,2026-05-26,1747.0,2.83545685,8.546371749999999,7032.5204841,4,,
16086623,2026-05-26,1441.0,3.23111625,8.937045610000007,2902.5060608,0,,
18565167,2026-05-26,1187.0,2.7574476,9.481527100000001,6784.170898300001,2,,
18726203,2026-05-26,2325.0,1.587861,5.856995130000002,8268.2726723,3,,
18726204,2026-05-26,1316.0,4.0099426,8.929549440000008,7442.06515555,5,,
18726205,2026-05-26,1149.0,2.9155780499999997,9.19555988,6849.5231966,4,,
18726206,2026-05-26,1653.0,2.7683882,8.44618338,7502.3469937,7,,
18726207,2026-05-26,2650.0,1.526901,5.602496980000002,6649.4575927,4,,
18726208,2026-05-26,1166.0,4.3945185,10.060421260000004,8533.492281,3,,
18726209,2026-05-26,2272.0,1.6518914,6.109826,7048.7894206,2,,
18726210,2026-05-26,1547.0,2.72928555,8.33359715,4440.47288035,4,,
18726211,2026-05-26,2548.0,1.530991,5.67294676,7833.30002,3,,
18726212,2026-05-26,1007.0,2.7307899,12.136913400000001,7033.7637445,5,,
18737066,2026-05-26,1483.0,2.54309485,8.25675024,4107.684061149999,4,,
18901576,2026-05-26,,,,11350.4706033,1,,
18904644,2026-05-26,1479.0,3.05727395,8.908325719999999,7751.8105821,4,,
18912970,2026-05-26,1366.0,2.8828713,9.515854380000006,3456.4238677,1,,
18922588,2026-05-26,1222.0,4.3137188,10.0578375,4875.43741165,3,,
18932871,2026-05-26,1638.0,2.5884619,8.526028780000008,5829.90843385,4,,
18935052,2026-05-26,2906.0,1.4934338,5.000773939999999,6398.0398181,6,,
18936129,2026-05-26,831.0,4.076230649999999,26.561226670000003,7420.3610774,2,,
18937404,2026-05-26,579.0,8.65835565,19.409198340000003,6733.0429017,5,,
18941986,2026-05-26,637.0,8.93320245,17.218503849999998,3637.8870521500003,4,,
18941987,2026-05-26,2173.0,1.75665945,6.278526430000002,6230.0360026,3,,
18941988,2026-05-26,1336.0,2.7323699,9.058876260000005,5120.527583,1,,
18941989,2026-05-26,1065.0,3.45355905,9.869831160000002,6617.0506491,4,,
18941990,2026-05-26,1543.0,3.1091198999999996,8.613825970000004,4768.4689637,1,,
18941991,2026-05-26,254.0,15.4485398,49.56662394000001,8833.23513965,7,,
18941993,2026-05-26,1132.0,4.0996667,10.082403,4051.9291243,0,,
18941994,2026-05-26,801.0,2.9471433,19.79497418,7053.927725,4,,
18941995,2026-05-26,1222.0,2.7288354,9.7837819,7703.62177415,3,,
18941997,2026-05-26,1340.0,2.6017416,9.60394386,3820.85661225,5,,
18941998,2026-05-26,1396.0,3.5153985,8.678308920000001,5030.7215067,3,,
18941999,2026-05-26,174.0,24.2471129,60.824761720000005,8552.8376113,3,,
16086583,2026-05-27,1545.0,3.0602795499999997,9.1275205,6814.914737749999,3,,
18735896,2026-05-27,2693.0,1.4785930999999999,5.483881050000001,5850.48063715,4,,
18735897,2026-05-27,2538.0,1.5618617,5.883188680000001,6640.0587983000005,2,,
18746262,2026-05-27,2888.0,1.3980826,5.125981060000001,7726.5620524,3,,
18834749,2026-05-27,2867.0,1.35769465,5.00759185,6356.71905885,1,,
18888279,2026-05-27,1359.0,3.86336645,9.2070202,5433.5465932,5,,
18893442,2026-05-27,2656.0,1.5691008,5.266551079999999,6546.9548625,2,,
18948377,2026-05-27,1165.0,4.0249801000000005,9.48942142,6149.28475645,5,,
18952774,2026-05-27,580.0,9.4518629,18.43045492,3806.4326746,4,,
18952775,2026-05-27,1552.0,3.0934345,8.8812886,8818.1465565,3,,
18952779,2026-05-27,92.0,59.6784644,64.9540559,3811.3047112,2,,
18952781,2026-05-27,836.0,5.2777107,15.23329172,4297.8163774,4,,
18952783,2026-05-27,264.0,7.3828968,55.483065700000004,3691.3489587,3,,
18952784,2026-05-27,1050.0,2.4504066,10.606944620000007,4224.17379185,2,,
18952785,2026-05-27,1574.0,3.0131904,8.49569452,5108.1199976,1,,
18952788,2026-05-27,818.0,4.4038778,16.785896359999995,4191.82909665,2,,
18952789,2026-05-27,528.0,8.9113787,18.550337460000005,5981.21519785,6,,
18952790,2026-05-27,1602.0,2.8439578,8.1676878,5084.32530405,1,,
18952792,2026-05-27,449.0,12.81429855,20.83485964,6191.7362692,2,,
18952797,2026-05-27,522.0,8.4511475,21.2631688,6710.18113755,2,,
18952799,2026-05-27,912.0,4.4448669,15.3913185,4792.09811965,3,,
18952800,2026-05-27,1580.0,2.9206413,8.7629456,7172.7358054,2,,
18952802,2026-05-27,1330.0,3.2919928,9.3869776,4531.14266925,4,,
18952803,2026-05-27,1595.0,2.9175297000000002,9.0674179,4212.6698583,5,,
18952814,2026-05-27,1527.0,2.8888610999999997,8.96970375,7006.5009942,3,,
18952816,2026-05-27,111.0,60.0051219,60.51900656,7517.4722522,3,,
18952823,2026-05-27,108.0,59.8394967,60.95349158,5040.0263641500005,8,,
18952827,2026-05-27,989.0,3.9167931,10.5762202,9258.6490298,1,,
18952831,2026-05-27,2942.0,1.4461714,4.8661411,7681.35540655,0,,
18952835,2026-05-27,103.0,59.92725205,61.01843504,7096.0355868999995,4,,
18952836,2026-05-27,268.0,25.7019197,54.66718066,7306.1967417,0,,
18952840,2026-05-27,1482.0,3.3059535,9.2593706,4023.83691225,0,,
18952842,2026-05-27,1459.0,2.7376693000000003,8.688925719999997,3707.5027732,3,,
18952844,2026-05-27,798.0,6.0106884,16.850908339999997,7968.1768801,2,,
18952845,2026-05-27,1465.0,3.55944945,9.00950651,7875.333795050001,2,,
18952850,2026-05-27,263.0,24.5863041,54.41107949,6310.0386265,2,,
18952851,2026-05-27,1030.0,4.4193582,11.31562646000001,6558.148311499999,1,,
18952854,2026-05-27,103.0,59.99449835,63.40066071,4173.5351041,3,,
18959836,2026-05-27,1519.0,2.92586755,9.144371709999998,6607.729764,2,,
18959837,2026-05-27,1589.0,2.9764289,9.05290394,4512.77255325,1,,
18746260,2026-05-28,2755.0,1.47462705,5.324640090000002,5327.5624744,3,,
18746261,2026-05-28,2666.0,1.5086031,5.265400679999999,6824.80546615,3,,
18962589,2026-05-28,2768.0,1.4912453,5.05666738,6272.0625476,1,,
18963491,2026-05-28,1457.0,3.22575265,9.175219850000001,5673.4246562,5,,
18963505,2026-05-28,1376.0,2.6823972,9.7528096,5578.0283003,7,,
18963509,2026-05-28,1503.0,2.60555695,9.222361350000002,5501.5808664,2,,
18963516,2026-05-28,2417.0,1.6276926,5.73143065,5842.0546644,4,,
18963519,2026-05-28,1489.0,3.1134858,9.204721959999999,7283.033050800001,5,,
18963521,2026-05-28,598.0,9.5871764,18.0980636,3600.8919922,5,,
18963523,2026-05-28,1442.0,3.1162076,9.2709456,7235.8479866,0,,
18969240,2026-05-28,2580.0,1.5635124,5.302842200000001,5852.3608451,2,,
18979379,2026-05-28,3029.0,1.49363255,4.916868180000001,6586.8787896,4,,
18999021,2026-05-28,2136.0,1.6465352,6.571119260000008,7094.7958975,4,,
19009072,2026-05-28,20.0,15.6397921,1132.6404275999994,5187.22875345,3,,
19010303,2026-05-28,122.0,60.0757068,65.0781579,19393.469525,1,,
19011292,2026-05-28,,,,3963.9799402,3,,
19013983,2026-05-28,1453.0,3.31017805,8.792875340000007,5902.621267799999,2,,
19018309,2026-05-28,1353.0,3.2361342,9.782934310000002,3451.4128448,2,,
19018402,2026-05-28,1490.0,3.385452,8.72518074,5426.153084199999,2,,
19019085,2026-05-28,1335.0,3.8937150000000003,8.78138876,4011.39153575,3,,
19019449,2026-05-28,402.0,13.672389,19.5071131,3545.09352305,3,,
19019450,2026-05-28,408.0,13.0859615,18.657378660000006,3567.959186,1,,
19021457,2026-05-28,1172.0,4.8050853,10.0367414,6022.49815605,2,,
19021475,2026-05-28,1180.0,4.7909637,9.93782976,5926.07683205,6,,
19022088,2026-05-28,1535.0,3.1769291,8.987169750000001,6357.6571107,8,,
19024895,2026-05-28,1118.0,4.9354883,10.12278338,3929.82052175,2,,
19024896,2026-05-28,1500.0,3.1596301,8.80992282,4771.7727915,1,,
19024897,2026-05-28,1528.0,3.1288609,9.259401780000001,8031.1320737,4,,
19025377,2026-05-28,581.0,9.5487251,19.16241184,5215.5247715000005,3,,
19025390,2026-05-28,1041.0,4.2164493,10.02568107,6127.815103,0,,
19025401,2026-05-28,280.0,13.1230375,18.91673978,5861.7942938,4,,
19025767,2026-05-28,919.0,5.810118149999999,10.21568534,5254.7336097,3,,
19025796,2026-05-28,1205.0,4.32783445,9.520045679999999,6270.99574845,6,,
19026900,2026-05-28,28.0,54.0206855,69.59059074000002,1586.9922518,0,,
19026910,2026-05-28,36.0,57.0209788,191.1248005000001,3282.0573994,3,,
19028971,2026-05-28,1128.0,4.9899085,10.26379522,4313.7391502,5,,
19030728,2026-05-28,,,,2917.5775232,4,,
19030877,2026-05-28,,,,2855.7650483,5,,
19030969,2026-05-28,,,,2834.9182313,4,,
19030970,2026-05-28,,,,2835.2232052,2,,
