n_events,n_live_events,n_goals,final_home,final_away,n_yellow,n_red,ts_start,ts_end,match_seconds_max,mean_confidence,fixture_id,home,away,league_name,status,start_date_utc,event_date
5,1,1,1,0,0,0,2026-05-24 15:31:28.205153300+00:00,2026-05-24 15:31:28.219935800+00:00,5400,1.0,15901017,Prison Leopards,Nkwazi,Super League,3,2026-05-24T13:00:00Z,2026-05-24
2951,2279,4,2,2,47,0,2026-05-24 17:25:21.799801300+00:00,2026-05-24 19:28:34.823843700+00:00,5748,0.7690003849429792,16012237,Olimpia Grudziadz,Hutnik Nowa Huta,2 Liga,3,2026-05-24T17:30:00Z,2026-05-24
1761,1385,0,0,0,5,0,2026-05-24 14:55:23.825433100+00:00,2026-05-24 16:56:27.294217100+00:00,5618,0.9942259372918573,16050307,SV Eberau,Sk Pama,Landesliga,3,2026-05-24T15:00:00Z,2026-05-24
28138,2868,3,1,2,9,0,2026-05-24 14:45:34.744121500+00:00,2026-05-24 17:13:55.043313200+00:00,6060,0.7052104645197929,16068930,Manchester City,Aston Villa,Premier League,3,2026-05-24T15:00:00Z,2026-05-24
11968,2954,4,3,1,89,0,2026-05-24 16:16:32.726283800+00:00,2026-05-24 19:09:23.739024200+00:00,5870,0.7076645539633604,16086585,Sporting Gijon,Almeria,LaLiga2,3,2026-05-24T16:30:00Z,2026-05-24
9206,2707,2,0,2,67,10,2026-05-24 16:16:40.480529100+00:00,2026-05-24 19:06:14.662412400+00:00,5649,0.7031106092653049,16086591,Valladolid,Deportivo La Coruna,LaLiga2,3,2026-05-24T16:30:00Z,2026-05-24
11552,2313,2,1,1,46,0,2026-05-24 16:15:45.950504900+00:00,2026-05-24 19:09:23.500912500+00:00,5839,0.7132774574626878,16086592,Las Palmas,Zaragoza,LaLiga2,3,2026-05-24T16:30:00Z,2026-05-24
13970,2727,2,1,1,32,0,2026-05-24 16:15:25.114961500+00:00,2026-05-24 19:06:14.848460700+00:00,5949,0.7329805063799927,16086598,Huesca,Castellon,LaLiga2,3,2026-05-24T16:30:00Z,2026-05-24
16003,2659,3,3,0,76,0,2026-05-24 16:16:33.601680900+00:00,2026-05-24 19:06:15.236094600+00:00,5820,0.7344598973725808,16086610,Cadiz,Leganés,LaLiga2,3,2026-05-24T16:30:00Z,2026-05-24
8629,1649,2,2,0,43,0,2026-05-24 16:15:38.926470900+00:00,2026-05-24 19:09:23.547804+00:00,5760,0.7409688076837135,16086619,Eibar,Cordoba,LaLiga2,3,2026-05-24T16:30:00Z,2026-05-24
11793,2843,2,0,2,67,0,2026-05-24 16:16:40.317867700+00:00,2026-05-24 19:09:23.656547200+00:00,5700,0.7204105439293315,16086620,Cultural Leonesa,Burgos CF,LaLiga2,3,2026-05-24T16:30:00Z,2026-05-24
8863,1708,2,1,1,45,0,2026-05-24 16:16:23.811254+00:00,2026-05-24 19:09:23.898237900+00:00,5872,0.7508921071927133,16086621,Malaga,Racing Santander,LaLiga2,3,2026-05-24T16:30:00Z,2026-05-24
1960,1329,3,3,0,16,0,2026-05-24 15:55:24.675847400+00:00,2026-05-24 17:53:27.833215100+00:00,5410,0.8906325367460624,16086626,Real Murcia,CD Eldense,Primera Division RFEF,3,2026-05-24T16:00:00Z,2026-05-24
10993,2668,4,3,1,53,0,2026-05-24 16:16:49.337653900+00:00,2026-05-24 19:06:14.698606100+00:00,5752,0.7136106382779577,16086627,Mirandes,Granada CF,LaLiga2,3,2026-05-24T16:30:00Z,2026-05-24
9627,1771,6,5,1,10,0,2026-05-24 18:45:54.475870900+00:00,2026-05-24 21:13:06.536759500+00:00,5460,0.6905874708667172,16086629,Villarreal,Atletico Madrid,LaLiga,3,2026-05-24T19:00:00Z,2026-05-24
1258,1243,3,3,0,0,0,2026-05-24 13:30:19.853123600+00:00,2026-05-24 15:45:33.301478+00:00,5539,0.9933151724905644,16099596,Belusa,TJ Druzstevnik Velke Ludince,Liga 3,3,2026-05-24T13:30:00Z,2026-05-24
828,747,4,3,1,0,1,2026-05-24 10:00:23.709857+00:00,2026-05-24 12:18:58.460677500+00:00,5400,0.9125893969890694,16111065,Sparta Kazimierza Wielka,Siarka Tarnobrzeg,League 3,3,2026-05-24T10:00:00Z,2026-05-24
2057,1416,4,3,1,6,0,2026-05-24 14:55:23.374903900+00:00,2026-05-24 16:55:35.462140200+00:00,5685,0.9313500042747288,16111091,Mlawianka Mlawa,Lechia Tomaszow Mazowiecki,League 3,3,2026-05-24T15:00:00Z,2026-05-24
1831,1406,9,13,1,2,0,2026-05-24 14:55:23.868420600+00:00,2026-05-24 16:49:48.682007200+00:00,5460,0.9407659428520634,16111097,Pogon II Szczecin,Wda Swiecie,League 3,3,2026-05-24T15:00:00Z,2026-05-24
2112,1497,2,2,0,3,0,2026-05-24 09:10:21.379981200+00:00,2026-05-24 11:56:38.116625100+00:00,5703,0.9334542835342082,16121015,WAF Brigittenau,Hellas Kagran,Landesliga,3,2026-05-24T09:15:00Z,2026-05-24
12381,2702,3,3,0,24,0,2026-05-24 14:45:17.418830100+00:00,2026-05-24 17:12:54.476459300+00:00,5663,0.6694542280026339,16550791,West Ham United,Leeds United,Premier League,3,2026-05-24T15:00:00Z,2026-05-24
13,7,1,1,0,0,0,2026-05-24 20:18:55.315781900+00:00,2026-05-24 20:20:29.959686500+00:00,4200,1.0,18616927,Rio Branco-VN,Serra,Copa Espirito Santo,3,2026-05-24T18:00:00Z,2026-05-24
13406,3976,4,2,2,56,9,2026-05-24 16:04:39.959539500+00:00,2026-05-24 19:09:38.793201600+00:00,7560,0.6751225201016632,18706857,Sporting Clube De Portugal CP,Torreense,Taca de Portugal,3,2026-05-24T16:15:00Z,2026-05-24
14518,1270,1,0,1,11,0,2026-05-24 13:52:44.352739900+00:00,2026-05-24 15:53:55.540489100+00:00,5654,0.9194300627335312,18716688,H.B Koge,Hobro IK,1st Division,3,2026-05-24T14:00:00Z,2026-05-24
2214,1464,0,0,0,17,8,2026-05-24 07:16:33.186107400+00:00,2026-05-24 09:27:22.284525300+00:00,6360,0.8959958931895246,18719306,Yongin City,Chungnam Asan FC,K2 League,3,2026-05-24T07:30:00Z,2026-05-24
3093,2302,4,3,1,33,11,2026-05-24 09:52:03.405977700+00:00,2026-05-24 11:59:14.403020800+00:00,5710,0.7541133542965521,18724567,Seoul E-Land FC,Seongnam FC,K2 League,3,2026-05-24T10:00:00Z,2026-05-24
2379,1584,3,3,0,4,0,2026-05-24 09:51:54.947063100+00:00,2026-05-24 11:53:59.233734400+00:00,6420,0.9214270774815785,18724568,Daegu FC,Ansan Greeners,K2 League,3,2026-05-24T10:00:00Z,2026-05-24
8867,1457,3,0,3,28,6,2026-05-24 11:50:27.273137400+00:00,2026-05-24 14:38:43.184844300+00:00,5953,0.8457569803703862,18724879,FC Stade LS Ouchy,FC St. Gallen,Swiss Cup,3,2026-05-24T12:00:00Z,2026-05-24
1398,1103,4,3,1,3,0,2026-05-24 11:55:25.681970200+00:00,2026-05-24 13:51:54.523304800+00:00,5635,0.8987223141485615,18724948,Vendsyssel FF,FC Roskilde,2. Division,3,2026-05-24T12:00:00Z,2026-05-24
2683,1943,2,2,0,17,0,2026-05-24 14:24:54.702713600+00:00,2026-05-24 16:21:55.244883600+00:00,5460,0.7815790402481144,18737025,Wisla Krakow,Pogon Siedlce,1 Liga,3,2026-05-24T14:30:00Z,2026-05-24
14343,1503,2,1,1,47,0,2026-05-24 18:43:08.785158800+00:00,2026-05-24 21:32:24.455640200+00:00,5940,0.9059398665450475,18797549,FAR de Rabat,Mamelodi Sundowns,CAF Champions League,3,2026-05-24T19:00:00Z,2026-05-24
998,762,7,4,3,38,0,2026-05-24 15:00:11.764672800+00:00,2026-05-24 17:48:49.073132100+00:00,5720,0.8757307377244574,18834533,Spartak Moskva,Krasnodar FC,Russian Cup,3,2026-05-24T15:00:00Z,2026-05-24
15925,2859,3,0,3,102,11,2026-05-23 23:56:54.264762500+00:00,2026-05-24 02:40:00.766932600+00:00,6020,0.6708369970740689,18856432,CR Flamengo,Palmeiras SP,Serie A,3,2026-05-24T00:00:00Z,2026-05-24
198,120,0,0,0,6,0,2026-05-24 15:05:01.253095600+00:00,2026-05-24 16:58:05.001022+00:00,5700,1.0,18858175,Al-Ahly Tripoli (LBY),Asswehly,Premier League,3,2026-05-24T15:00:00Z,2026-05-24
5,1,2,1,2,0,0,2026-05-25 04:03:06.330627500+00:00,2026-05-25 04:03:06.333030200+00:00,5400,1.0,18858181,Olympic Azzaweya,Al-Ittihad Tripoli,Premier League,3,2026-05-24T15:00:00Z,2026-05-24
5,1,2,1,1,0,0,2026-05-25 04:01:50.610281100+00:00,2026-05-25 04:01:50.614077600+00:00,5400,1.0,18858196,Al-Madina,Alittihad Misurata,Premier League,3,2026-05-24T15:00:00Z,2026-05-24
1871,1424,3,1,2,14,0,2026-05-24 08:30:07.929363900+00:00,2026-05-24 10:25:25.857228500+00:00,5599,0.9724111505355114,18860049,Viktoria Plzen II,FK Admira Praha,3rd Liga,3,2026-05-24T08:30:00Z,2026-05-24
1746,1355,4,1,3,3,1,2026-05-24 08:15:26.976523400+00:00,2026-05-24 10:07:54.881455400+00:00,5550,0.9732341484989505,18860050,Dukla Praha II,TJ Jiskra Domazlice,3rd Liga,3,2026-05-24T08:15:00Z,2026-05-24
1799,1452,4,4,1,4,0,2026-05-24 08:15:27.126268900+00:00,2026-05-24 10:10:05.093085+00:00,5536,0.9719429674429992,18860051,Pardubice II,Velke Hamry,3rd Liga,3,2026-05-24T08:15:00Z,2026-05-24
1647,1346,4,1,3,7,0,2026-05-24 12:01:17.629801400+00:00,2026-05-24 13:52:36.193721500+00:00,5509,0.9829827154253398,18861668,Petrin Plzen,FC Pisek,3rd Liga,3,2026-05-24T12:00:00Z,2026-05-24
1943,1356,2,2,0,3,0,2026-05-25 14:55:22.039773900+00:00,2026-05-25 16:57:32.565375500+00:00,5553,0.9069865725062758,16121012,SPC Helfort 15,SV Schwechat,Landesliga,3,2026-05-25T15:00:00Z,2026-05-25
9979,1454,2,0,2,20,0,2026-05-25 15:51:34.596537+00:00,2026-05-25 18:08:53.292074700+00:00,5739,0.8644667387825139,18716687,Lyngby,AC Horsens,1st Division,3,2026-05-25T16:00:00Z,2026-05-25
6893,1415,4,3,1,19,0,2026-05-25 10:55:14.652696300+00:00,2026-05-25 12:52:36.139650700+00:00,5655,0.8208141638708376,18716689,Kolding IF,Hillerod Fodbold,1st Division,3,2026-05-25T11:00:00Z,2026-05-25
7158,1442,5,1,4,26,0,2026-05-25 12:45:16.989134600+00:00,2026-05-25 15:32:29.868144600+00:00,5712,0.8260861701143462,18716690,Hvidovre,Esbjerg fB,1st Division,3,2026-05-25T13:00:00Z,2026-05-25
10525,2679,5,3,2,22,0,2026-05-25 22:45:13.460356300+00:00,2026-05-26 01:17:35.453168200+00:00,5829,0.7336569018593173,18870307,Coritiba,EC Bahia,Serie A,3,2026-05-25T23:00:00Z,2026-05-25
12133,2067,2,2,0,13,0,2026-05-25 14:45:15.735110500+00:00,2026-05-25 17:45:43.565135700+00:00,5635,0.8506513023777206,18871274,HamKam,Lillestrom,Eliteserien,3,2026-05-25T15:00:00Z,2026-05-25
5557,1110,9,4,5,20,0,2026-05-24 23:55:21.602465500+00:00,2026-05-25 02:14:08.969371600+00:00,5715,0.8686662972132186,18893694,Columbus Crew II,Toronto FC B,USA MLS Next Pro,3,2026-05-25T00:00:00Z,2026-05-25
9047,1284,3,1,2,18,0,2026-05-25 18:42:54.341569500+00:00,2026-05-25 21:11:48.431115300+00:00,5820,0.8560974122928703,18894361,Bohemian Dublin,Shamrock Rovers,LOI Premier Division,3,2026-05-25T19:00:00Z,2026-05-25
30717,2602,2,2,0,10,0,2026-05-25 12:15:19.918075900+00:00,2026-05-25 15:26:41.689328500+00:00,5834,0.9290483168140716,18896872,IK Start,Valerenga,Eliteserien,3,2026-05-25T12:30:00Z,2026-05-25
32788,2315,3,2,1,30,0,2026-05-25 14:44:48.753637800+00:00,2026-05-25 17:34:09.805477600+00:00,5810,0.9396746304149147,18896873,Sarpsborg 08,Molde,Eliteserien,3,2026-05-25T15:00:00Z,2026-05-25
37896,2052,2,1,1,25,0,2026-05-25 14:44:31.350611300+00:00,2026-05-25 17:45:43.160030600+00:00,5676,0.9496082295684978,18896874,Tromso,Aalesund FK,Eliteserien,3,2026-05-25T15:00:00Z,2026-05-25
33107,2513,2,1,1,39,0,2026-05-25 17:15:20.669152600+00:00,2026-05-25 19:27:06.133937700+00:00,5956,0.9369141158794873,18896875,Sandefjord,Fredrikstad,Eliteserien,3,2026-05-25T17:15:00Z,2026-05-25
31573,1915,2,2,0,13,0,2026-05-25 14:44:39.742528200+00:00,2026-05-25 17:11:52.762287400+00:00,5880,0.9361174114296666,18896876,KFUM-Kameratene Oslo,Rosenborg,Eliteserien,3,2026-05-25T15:00:00Z,2026-05-25
11514,2518,1,1,0,0,0,2026-05-25 00:45:09.510964400+00:00,2026-05-25 03:22:34.470563300+00:00,5640,0.6654482510240399,18904058,Los Angeles FC,Seattle Sounders,Major League Soccer,3,2026-05-25T01:15:00Z,2026-05-25
13209,1498,0,0,0,24,0,2026-05-25 20:18:16.578462600+00:00,2026-05-25 22:50:36.901897900+00:00,5772,0.8862883105364743,18912675,Comerciantes Unidos,Deportivo Garcilaso,Primera División,3,2026-05-25T20:30:00Z,2026-05-25
850,766,1,1,0,0,0,2026-05-25 18:02:27.195900500+00:00,2026-05-25 20:25:11.327334900+00:00,5650,0.9969502223728312,18913156,FK Sloboda Uzice,Polimlje,Srpska Liga,3,2026-05-25T18:00:00Z,2026-05-25
16296,2735,3,3,0,35,0,2026-05-25 13:46:08.778365+00:00,2026-05-25 16:44:36.173965700+00:00,5894,0.6930007913845591,18914886,Notts County,Salford City FC,League Two,3,2026-05-25T14:00:00Z,2026-05-25
2254,1462,1,1,0,14,0,2026-05-25 18:40:21.003868600+00:00,2026-05-25 20:47:54.630442500+00:00,5700,0.9052594837883994,18922547,Bartolomé Mitre,Tucuman Central,Torneo Federal A,3,2026-05-25T18:45:00Z,2026-05-25
2065,1465,5,2,3,22,0,2026-05-25 18:55:21.318644+00:00,2026-05-25 20:58:14.422358600+00:00,5650,0.961550351554345,18922550,Defensores Pto. Vilelas,San Martín de Formosa,Torneo Federal A,3,2026-05-25T19:00:00Z,2026-05-25
1961,1283,3,3,0,10,0,2026-05-25 18:55:21.777643200+00:00,2026-05-25 20:55:18.621884500+00:00,5410,0.9166370318734152,18922554,Sarmiento de La Banda,Boca Unidos,Torneo Federal A,3,2026-05-25T19:00:00Z,2026-05-25
2245,1484,0,0,0,3,0,2026-05-25 17:55:20.680391+00:00,2026-05-25 20:02:20.229674200+00:00,5811,0.9322360404479185,18922555,CA Boca Juniors W,CA Huracan W,Championship W,3,2026-05-25T18:00:00Z,2026-05-25
2123,1526,0,0,0,22,0,2026-05-25 17:55:21.828547900+00:00,2026-05-25 20:05:54.870069+00:00,5820,0.9116384813468935,18922582,Villa Mitre,Kimberley Mar del Plata,Torneo Federal A,3,2026-05-25T18:00:00Z,2026-05-25
2433,1523,2,1,1,9,0,2026-05-25 20:25:21.074692900+00:00,2026-05-25 22:34:00.452212400+00:00,5711,0.9252537515677641,18922583,CA Talleres De Cordoba W,River Plate W,Championship W,3,2026-05-25T20:30:00Z,2026-05-25
2041,1458,4,2,2,11,0,2026-05-25 15:55:22.869579600+00:00,2026-05-25 18:01:11.974358500+00:00,5835,0.9224522457611616,18922644,Santiago City,Real San Joaquín,Segunda División,3,2026-05-25T16:00:00Z,2026-05-25
94,82,5,4,2,0,0,2026-05-25 13:07:11.778105200+00:00,2026-05-25 15:05:10.295792100+00:00,4560,1.0,18926373,SV Gonsenheim,SC Idar-Oberstein,Oberliga,3,2026-05-25T13:00:00Z,2026-05-25
79,69,1,1,0,0,0,2026-05-25 13:31:46.124108200+00:00,2026-05-25 14:59:40.828425800+00:00,6120,1.0,18931973,B71 Sandoy,FC Suduroy,1. Deild,3,2026-05-25T13:00:00Z,2026-05-25
1950,1233,3,3,0,6,0,2026-05-25 20:25:20.918226200+00:00,2026-05-25 22:28:22.979024200+00:00,5712,0.9313875981318259,18931974,Sao Paulo Women,Santos Sao Paulo Women,Brasileiro W,3,2026-05-25T20:30:00Z,2026-05-25
2016,1549,2,0,2,8,0,2026-05-25 11:55:22.193323900+00:00,2026-05-25 13:58:09.134858500+00:00,5653,0.9759595722196314,18931975,Vanlose,Naesby,3rd Division,3,2026-05-25T12:00:00Z,2026-05-25
3951,2427,2,1,1,23,0,2026-05-25 17:17:21.708640400+00:00,2026-05-25 19:28:24.909736200+00:00,5760,0.8432557651929753,18931976,PFC Ludogorets 1945 Razgrad,PFC CSKA Sofia,Parva First League,3,2026-05-25T17:30:00Z,2026-05-25
3576,2428,5,2,3,16,0,2026-05-25 14:35:36.262819100+00:00,2026-05-25 16:39:44.470877900+00:00,5768,0.8608855873206009,18931977,Cherno More Varna,FK Arda Kardzhali,Parva First League,3,2026-05-25T14:45:00Z,2026-05-25
8192,223,2,0,2,6,0,2026-05-25 11:32:52.268228800+00:00,2026-05-25 13:24:49.181823500+00:00,5700,0.9904378255208333,18931978,Croatia U17,Belgium U17,UEFA European Under-17 Championship,3,2026-05-25T11:30:00Z,2026-05-25
113,103,2,0,2,0,0,2026-05-25 13:06:50.506125500+00:00,2026-05-25 14:55:09.661211300+00:00,5820,1.0,18931979,AS Simba,Don Bosco,Ligue 1,3,2026-05-25T13:00:00Z,2026-05-25
174,154,5,0,5,0,0,2026-05-25 11:07:00.447304+00:00,2026-05-25 12:56:15.691138400+00:00,5370,0.985572569917181,18931980,Aalborg W,Team Viborg W,B-Liga W,3,2026-05-25T11:00:00Z,2026-05-25
2157,1462,2,1,1,10,0,2026-05-25 18:55:21.106465300+00:00,2026-05-25 21:00:18.444778400+00:00,5736,0.8912114586823517,18931981,Provincial Ovalle,Brujas de Salamanca,Segunda División,3,2026-05-25T19:00:00Z,2026-05-25
123,113,0,0,0,8,0,2026-05-25 14:06:29.864535800+00:00,2026-05-25 15:55:41.051778600+00:00,5640,1.0,18931982,Aigles Du Congo,Tout Puissant Mazembe,Ligue 1,3,2026-05-25T14:00:00Z,2026-05-25
4006,2500,3,2,1,43,0,2026-05-25 14:35:28.236900500+00:00,2026-05-25 16:57:56.876356800+00:00,5592,0.8559758849092284,18931983,Lokomotiv Plovdiv,Botev Plovdiv,Parva First League,3,2026-05-25T14:45:00Z,2026-05-25
891,709,8,1,11,0,0,2026-05-25 14:00:55.193903500+00:00,2026-05-25 15:59:12.426846300+00:00,5860,0.7881593714927049,18931984,Maldives W,India W,SAFF Women's Championship,3,2026-05-25T14:00:00Z,2026-05-25
1976,1208,1,0,1,2,0,2026-05-25 10:55:20.582963900+00:00,2026-05-25 13:01:47.104991800+00:00,5808,0.8861818006554849,18931985,Bhutan W,Nepal W,SAFF Women's Championship,3,2026-05-25T11:00:00Z,2026-05-25
128,118,1,1,0,1,0,2026-05-25 12:59:26.200487800+00:00,2026-05-25 15:01:50.323477400+00:00,6120,1.0,18931986,AS Maniema Union (COD),Saint Eloi Lupopo (COD),Ligue 1,3,2026-05-25T13:00:00Z,2026-05-25
1649,1141,4,2,2,1,0,2026-05-25 11:55:21.433421200+00:00,2026-05-25 13:55:18.763165800+00:00,5679,0.9538194238727521,18931987,Naestved IF HG W,Esbjerg W,B-Liga W,3,2026-05-25T12:00:00Z,2026-05-25
1966,1400,1,1,0,24,0,2026-05-26 15:55:21.307269400+00:00,2026-05-26 17:48:56.648248200+00:00,5409,0.9199476993454374,16043948,Sloga Doboj,FK Rudar Prijedor,Premijer Liga BiH,3,2026-05-26T16:00:00Z,2026-05-26
1624,1179,3,3,0,12,0,2026-05-26 17:00:13.525139400+00:00,2026-05-26 19:01:35.692895600+00:00,6840,0.8764467688635736,16043950,HSK Zrinjski,Velez Mostar,Premijer Liga BiH,3,2026-05-26T17:00:00Z,2026-05-26
12435,1666,3,1,2,19,0,2026-05-26 16:55:21.037707500+00:00,2026-05-26 20:02:31.772735300+00:00,6377,0.8889581416211049,16084494,Logrono Women,Athletic Bilbao W,Primera Division W,3,2026-05-26T17:00:00Z,2026-05-26
10474,1752,4,2,2,17,6,2026-05-26 18:55:20.228671400+00:00,2026-05-26 21:15:13.568387500+00:00,6380,0.8713091137119174,16086584,Atlético de Madrid W,UD Granadilla Tenerife Sur W,Primera Division W,3,2026-05-26T19:00:00Z,2026-05-26
14087,1495,4,0,4,5,0,2026-05-26 16:55:21.118918600+00:00,2026-05-26 19:05:47.857098600+00:00,5772,0.9240122067898091,16086586,Levante Las Planas W,Real Madrid W,Primera Division W,3,2026-05-26T17:00:00Z,2026-05-26
11447,1771,7,3,4,22,3,2026-05-26 16:55:21.119902200+00:00,2026-05-26 20:02:32.044204600+00:00,5993,0.8620852498584075,16086594,Granada CF W,Madrid CFF W,Primera Division W,3,2026-05-26T17:00:00Z,2026-05-26
12459,1747,4,2,2,24,0,2026-05-26 16:55:20.659294900+00:00,2026-05-26 20:02:32.041891800+00:00,6360,0.8932215420004774,16086597,Alhama W,Levante UD W,Primera Division W,3,2026-05-26T17:00:00Z,2026-05-26
13183,1441,0,0,0,3,0,2026-05-26 16:55:20.421196900+00:00,2026-05-26 19:05:47.812410+00:00,5712,0.9085331281144008,16086623,Sevilla FC W,Eibar W,Primera Division W,3,2026-05-26T17:00:00Z,2026-05-26
1780,1187,2,2,0,16,0,2026-05-26 18:30:29.852726300+00:00,2026-05-26 20:37:50.723214100+00:00,5656,0.8685670264402249,18565167,Nigeria,Zimbabwe,Friendlies National Teams,3,2026-05-26T18:30:00Z,2026-05-26
11789,2325,3,2,1,38,0,2026-05-26 21:55:38.095636900+00:00,2026-05-27 00:15:20.075897200+00:00,5652,0.8468685973482752,18726203,Sao Paulo FC,Boston River,Copa Sudamericana,3,2026-05-26T22:00:00Z,2026-05-26
1522,1316,5,2,3,0,0,2026-05-26 15:55:21.767032800+00:00,2026-05-26 17:54:07.481339200+00:00,5640,0.9150981802789541,18726204,Molde W,Rosenborg W,Toppserien W,3,2026-05-26T16:00:00Z,2026-05-26
1479,1149,4,4,0,4,0,2026-05-26 15:55:21.657364700+00:00,2026-05-26 17:55:08.540219900+00:00,5716,0.8735608027776002,18726205,Brann W,Lyn W,Toppserien W,3,2026-05-26T16:00:00Z,2026-05-26
2214,1653,7,7,1,8,0,2026-05-26 15:55:21.080125300+00:00,2026-05-26 18:44:27.970300900+00:00,6420,0.9479918577964511,18726206,Vaalerenga Oslo W,Bodo Glimt Women,Toppserien W,3,2026-05-26T16:00:00Z,2026-05-26
10313,2650,4,2,2,32,9,2026-05-26 21:45:08.391533600+00:00,2026-05-27 00:15:21.277695100+00:00,5881,0.7970457864513433,18726207,Gremio,Montevideo City Torque,Copa Sudamericana,3,2026-05-26T22:00:00Z,2026-05-26
1497,1166,3,3,0,7,0,2026-05-26 15:55:21.556477100+00:00,2026-05-26 17:55:40.169981100+00:00,5652,0.8576841854516816,18726208,Stabæk W,Haugesund W,Toppserien W,3,2026-05-26T16:00:00Z,2026-05-26
11453,2272,2,1,1,37,9,2026-05-26 21:45:17.308097600+00:00,2026-05-27 00:15:19.861562700+00:00,5784,0.8281905171078847,18726209,Palestino,Deportivo Riestra,Copa Sudamericana,3,2026-05-26T22:00:00Z,2026-05-26
31660,1547,4,1,3,26,0,2026-05-26 19:10:20.087113900+00:00,2026-05-26 21:26:45.728904800+00:00,5596,0.9529836157423724,18726210,Stjarnan,Víkingur Reykjavík,Urvalsdeild,3,2026-05-26T19:15:00Z,2026-05-26
8061,2548,3,1,2,77,0,2026-05-26 21:46:58.472121700+00:00,2026-05-27 00:15:20.098200400+00:00,6044,0.7565603155793188,18726211,Millonarios,O'Higgins,Copa Sudamericana,3,2026-05-26T22:00:00Z,2026-05-26
1315,1007,5,3,2,16,0,2026-05-26 15:55:21.273393300+00:00,2026-05-26 18:44:27.433908200+00:00,5650,0.9428703718667848,18726212,LSK Kvinner W,Hønefoss BK W,Toppserien W,3,2026-05-26T16:00:00Z,2026-05-26
11882,1483,4,3,1,30,3,2026-05-26 19:10:20.595128+00:00,2026-05-26 21:12:57.978399700+00:00,5760,0.882044792689358,18737066,KR Reykjavík,Valur Reykjavík,Urvalsdeild,3,2026-05-26T19:15:00Z,2026-05-26
9,1,1,5,0,0,0,2026-05-26 10:51:49.503129700+00:00,2026-05-26 14:10:08.090833400+00:00,5400,0.9444444444444444,18901576,Morocco,Burundi,Friendlies National Teams,3,2026-05-26T13:00:00Z,2026-05-26
2223,1479,4,2,2,8,0,2026-05-26 20:21:14.653018600+00:00,2026-05-26 22:35:24.157800200+00:00,5918,0.8494494518327921,18904644,Real Soacha Cundinamarca Fc,Rionegro Aguilas,Copa Colombia,3,2026-05-26T20:30:00Z,2026-05-26
1961,1366,1,1,0,8,0,2026-05-26 20:21:07.770073900+00:00,2026-05-26 22:31:04.154975600+00:00,5655,0.9070607986120928,18912970,Deportivo Pereira,Jaguares de Córdoba,Copa Colombia,3,2026-05-26T20:30:00Z,2026-05-26
1956,1222,3,0,3,1,0,2026-05-26 18:55:20.460833200+00:00,2026-05-26 20:58:47.636901100+00:00,5716,0.9225953000932524,18922588,FC Atletico Cearense,CEFAT Tirol,Campeonato Brasileiro - Série D,3,2026-05-26T19:00:00Z,2026-05-26
7384,1638,4,3,1,15,0,2026-05-25 23:47:20.891281+00:00,2026-05-26 02:09:22.109599200+00:00,5711,0.8429196744754942,18932871,Aucas,Manta FC,Liga Pro Serie A,3,2026-05-26T00:00:00Z,2026-05-26
39159,2906,6,6,6,8,0,2026-05-26 18:32:59.573207800+00:00,2026-05-26 21:05:43.059339700+00:00,5880,0.7741370482793761,18935052,Saint-Etienne,Nice,Ligue 1,3,2026-05-26T18:45:00Z,2026-05-26
1373,831,2,0,2,26,0,2026-05-25 16:10:23.087898400+00:00,2026-05-26 19:21:35.401900500+00:00,5604,0.9026173458461852,18936129,B68 Toftir,HB Tórshavn,Premier League,3,2026-05-26T17:30:00Z,2026-05-26
627,579,5,2,3,2,0,2026-05-26 15:06:37.053007700+00:00,2026-05-26 17:38:31.981739+00:00,5640,0.9743589319148119,18937404,Dinamo Zagreb U19,HNK Gorica U19,1. HNL U19,3,2026-05-26T15:00:00Z,2026-05-26
718,637,4,5,0,0,0,2026-05-26 11:01:46.189564100+00:00,2026-05-26 12:58:11.325971100+00:00,5700,0.7376398932450702,18941986,Aktobe W,Yelimay Semey W,Championship W,3,2026-05-26T11:00:00Z,2026-05-26
2852,2173,3,0,3,8,0,2026-05-26 18:40:19.484857200+00:00,2026-05-26 20:35:20.341659500+00:00,5700,0.8389432446629665,18941987,Waterford Fc W,Shamrock Rovers W,Championship Women,3,2026-05-26T18:45:00Z,2026-05-26
1968,1336,1,0,1,9,0,2026-05-26 15:25:20.672075400+00:00,2026-05-26 17:22:53.224463200+00:00,5597,0.9205586138708659,18941988,JaPS,KuPS,Suomen Cup,3,2026-05-26T15:30:00Z,2026-05-26
1271,1065,4,0,5,6,0,2026-05-26 14:59:47.755646700+00:00,2026-05-26 16:46:05.075270400+00:00,5433,0.9147785833801404,18941989,SJK Akatemia,SJK Seinajoki,Suomen Cup,3,2026-05-26T15:00:00Z,2026-05-26
2183,1543,1,0,1,6,0,2026-05-26 11:55:19.825547500+00:00,2026-05-26 13:55:28.547304700+00:00,5856,0.9656293181423635,18941990,Thimphu City FC,RTC,Bhutan - Premier League,3,2026-05-26T12:00:00Z,2026-05-26
274,254,7,2,7,0,1,2026-05-26 16:04:21.280844300+00:00,2026-05-26 17:52:55.361981600+00:00,5520,0.7149704557724812,18941991,Åkra,Haugesund 2,3. Division,3,2026-05-26T16:00:00Z,2026-05-26
1925,1132,0,0,0,5,0,2026-05-26 16:55:21.360486300+00:00,2026-05-26 18:54:10.667805100+00:00,5511,0.9095032818221359,18941993,Sk Super Nova Ii,Valmiera FC,First League,3,2026-05-26T17:00:00Z,2026-05-26
1001,801,4,3,1,9,0,2026-05-25 23:55:20.804843500+00:00,2026-05-26 02:13:20.744649500+00:00,5400,0.8640914586036897,18941994,Deportes Copiapó,Union Espanola,Primera B,3,2026-05-26T00:00:00Z,2026-05-26
1842,1222,3,2,1,5,0,2026-05-26 15:55:19.751953800+00:00,2026-05-26 17:51:14.163718100+00:00,5656,0.9154840502751266,18941995,Brodd,Odd II,3. Division,3,2026-05-26T16:00:00Z,2026-05-26
1836,1340,5,5,1,4,0,2026-05-26 16:55:20.223502300+00:00,2026-05-26 18:53:01.506191100+00:00,5572,0.9234870543460519,18941997,Råde,Sarpsborg 08 2,3. Division,3,2026-05-26T17:00:00Z,2026-05-26
1678,1396,3,2,1,14,0,2026-05-26 15:30:58.733963500+00:00,2026-05-26 17:24:04.277789700+00:00,5675,0.9602004780148533,18941998,FC Inter Turku,Esbo Bollklubb,Suomen Cup,3,2026-05-26T15:30:00Z,2026-05-26
201,174,3,1,2,0,0,2026-05-26 16:04:21.413403+00:00,2026-05-26 18:06:14.426433100+00:00,5500,0.7375888322749973,18941999,Staal Jørpeland,Stabæk 2,3. Division,3,2026-05-26T16:00:00Z,2026-05-26
15776,1545,3,2,1,3,0,2026-05-27 16:55:20.152527400+00:00,2026-05-27 19:02:08.774868900+00:00,5890,0.9278295614089074,16086583,FC Barcelona W,Real Sociedad W,Primera Division W,3,2026-05-27T17:00:00Z,2026-05-27
14026,2693,4,3,1,62,0,2026-05-27 00:15:12.960227600+00:00,2026-05-27 03:23:44.303425100+00:00,6060,0.7224601792370541,18735896,Santos FC SP,Deportivo Cuenca,Copa Sudamericana,3,2026-05-27T00:30:00Z,2026-05-27
9904,2538,2,2,0,25,0,2026-05-27 20:47:27.617699600+00:00,2026-05-28 00:27:06.052376700+00:00,5832,0.8116764316341267,18735897,Racing Club de Avellaneda,Independiente Petrolero,Copa Sudamericana,3,2026-05-27T22:00:00Z,2026-05-27
11696,2888,3,3,0,58,11,2026-05-27 21:45:52.982271500+00:00,2026-05-28 00:27:06.120959500+00:00,5673,0.8377666278657678,18746262,CR Vasco da Gama,Barracas Central,Copa Sudamericana,3,2026-05-27T22:00:00Z,2026-05-27
16128,2867,1,1,0,84,0,2026-05-27 18:45:03.513285100+00:00,2026-05-27 21:02:54.598850700+00:00,5721,0.7399103564858592,18834749,Crystal Palace,Rayo Vallecano,UEFA Conference League,3,2026-05-27T19:00:00Z,2026-05-27
1777,1359,5,3,2,12,3,2026-05-27 08:15:13.016962100+00:00,2026-05-27 10:15:23.297230500+00:00,5693,0.96009366341906,18888279,Hradec Kralove II,Pardubice II,3rd Liga,3,2026-05-27T08:15:00Z,2026-05-27
6036,2656,2,1,1,27,0,2026-05-27 20:47:11.263888600+00:00,2026-05-28 00:27:06.555410100+00:00,5744,0.8892960321640148,18893442,Cienciano,Juventud de Las Piedras,Copa Sudamericana,3,2026-05-27T22:00:00Z,2026-05-27
1402,1165,5,4,1,0,0,2026-05-23 12:00:19.663442800+00:00,2026-05-27 18:17:43.843533700+00:00,5400,0.9876140494210259,18948377,Sparta Prague B W,Hradec Kralove W,Division 2 W,3,2026-05-27T16:30:00Z,2026-05-27
601,580,4,1,4,0,0,2026-05-27 14:30:01.943547100+00:00,2026-05-27 16:17:37.136145300+00:00,5500,0.9753097341438759,18952774,Gazovik Vitebsk,Volna,Cup,3,2026-05-27T14:30:00Z,2026-05-27
2226,1552,3,2,1,6,0,2026-05-27 20:25:20.718208200+00:00,2026-05-27 22:29:16.986878700+00:00,5737,0.885970540339088,18952775,Vinotinto De Ecuador FC,Orense Sporting Club,Copa Ecuador,3,2026-05-27T20:30:00Z,2026-05-27
102,92,2,0,2,0,0,2026-05-27 12:15:55.792226200+00:00,2026-05-27 13:53:52.412877+00:00,5580,1.0,18952779,Thimphu FC,Bff Academy U19,Bhutan - Premier League,3,2026-05-27T12:00:00Z,2026-05-27
1285,836,4,3,1,9,0,2026-05-27 17:55:25.436923900+00:00,2026-05-27 19:51:02.078709700+00:00,5570,0.9664072632944227,18952781,Goias U20,Mirassol U20,Campeonato Brasileiro Serie B U20,3,2026-05-27T18:00:00Z,2026-05-27
281,264,3,0,3,0,0,2026-05-27 14:31:41.395990+00:00,2026-05-27 16:23:13.598921600+00:00,5580,0.9291980689811353,18952783,Gomelskiy Opytnyy Leskhoz,Soligorsk,Cup,3,2026-05-27T14:30:00Z,2026-05-27
1840,1050,2,1,1,13,0,2026-05-27 15:25:21.815610700+00:00,2026-05-27 17:32:38.120465200+00:00,5612,0.8921341640751822,18952784,Ilves Tampere,Turun Palloseura TPS,Suomen Cup,3,2026-05-27T15:30:00Z,2026-05-27
4870,1574,1,0,1,17,0,2026-05-27 11:25:20.256543200+00:00,2026-05-27 13:25:27.773645800+00:00,5820,0.9707035485214859,18952785,Wuhan Three Towns B,Guangdong Mingtu,League Two,3,2026-05-27T11:30:00Z,2026-05-27
1342,818,2,2,0,15,0,2026-05-27 17:55:24.914586800+00:00,2026-05-27 19:53:27.698240500+00:00,5640,0.9609041231992052,18952788,SC Internacional U20,Paysandu U20,Campeonato Brasileiro Serie B U20,3,2026-05-27T18:00:00Z,2026-05-27
632,528,6,3,4,0,1,2026-05-27 15:03:00.982959900+00:00,2026-05-27 16:51:27.892308900+00:00,5560,0.9730520168144804,18952789,Shchuchyn,FK Lida,Cup,3,2026-05-27T15:00:00Z,2026-05-27
4058,1602,1,1,0,5,0,2026-05-27 07:55:21.731466500+00:00,2026-05-27 09:54:45.352833200+00:00,5721,0.9596171947024243,18952790,Changchun Xidu,Beijing Institute of Technology,League Two,3,2026-05-27T08:00:00Z,2026-05-27
465,449,2,0,2,0,0,2026-05-27 15:01:39.129211900+00:00,2026-05-27 16:51:06.985493100+00:00,5580,0.9873108181562156,18952792,Bobovnya,Bumprom Gomel,Cup,3,2026-05-27T15:00:00Z,2026-05-27
538,522,2,0,2,0,0,2026-05-27 16:02:37.949035100+00:00,2026-05-27 17:59:38.101275500+00:00,5404,0.8737900003069767,18952797,BGU Minsk,Osipovichy,Cup,3,2026-05-27T16:00:00Z,2026-05-27
6962,912,3,2,1,3,0,2026-05-27 07:55:20.913603200+00:00,2026-05-27 10:00:28.787654700+00:00,5820,0.9830202578639062,18952799,Xiamen Feilu,Jiangxi Liansheng,League Two,3,2026-05-27T08:00:00Z,2026-05-27
5526,1580,2,2,0,12,0,2026-05-27 10:55:19.966476400+00:00,2026-05-27 12:58:18.108569600+00:00,5748,0.9718584237967584,18952800,Guangzhou Dandelion Alpha FC,Ganzhou Ruishi,League Two,3,2026-05-27T11:00:00Z,2026-05-27
1684,1330,4,2,2,17,0,2026-05-27 15:25:20.543895300+00:00,2026-05-27 17:27:59.915398900+00:00,5542,0.9454385433200593,18952802,VPS II,FCV,Kakkonen,3,2026-05-27T15:30:00Z,2026-05-27
2187,1595,5,2,3,15,0,2026-05-27 17:55:26.068723800+00:00,2026-05-27 20:01:13.944288+00:00,5955,0.920992958564645,18952803,Vélez Sársfield Reserves,Instituto AC Cordoba Reserves,Reserve League,3,2026-05-27T18:00:00Z,2026-05-27
2001,1527,3,1,2,6,0,2026-05-27 13:25:20.858835300+00:00,2026-05-27 15:35:23.903805100+00:00,5820,0.8721195263818665,18952814,Mes Kerman,Nassaji Mazandaran,Azadegan League,3,2026-05-27T13:30:00Z,2026-05-27
121,111,3,1,2,0,0,2026-05-27 16:01:39.647227900+00:00,2026-05-27 17:51:05.623025300+00:00,5580,1.0,18952816,Fc Lahti W,Ebk W,Cup W,3,2026-05-27T16:00:00Z,2026-05-27
118,108,8,0,8,0,0,2026-05-27 16:35:17.781050100+00:00,2026-05-27 18:22:58.317064700+00:00,5580,1.0,18952823,Nummelan Palloseura W,PK-35 Vantaa W,Cup W,3,2026-05-27T16:30:00Z,2026-05-27
1356,989,1,1,0,2,0,2026-05-27 14:25:20.754879300+00:00,2026-05-27 16:30:53.435833100+00:00,5805,0.9152919839115877,18952827,Saipa Karaj FC,Mes Shahr-e Babak,Azadegan League,3,2026-05-27T14:30:00Z,2026-05-27
13502,2942,0,0,0,15,0,2026-05-27 00:18:20.116669+00:00,2026-05-27 03:21:51.778815400+00:00,5775,0.7264241032260584,18952831,Universitario De Deportes,Deportes Tolima,CONMEBOL Copa Libertadores,3,2026-05-27T00:30:00Z,2026-05-27
114,103,4,0,4,0,0,2026-05-27 16:05:09.414824800+00:00,2026-05-27 17:49:33.818627+00:00,5580,1.0,18952835,Ilves Tampere W,Aland United W,Cup W,3,2026-05-27T16:00:00Z,2026-05-27
287,268,0,0,0,0,0,2026-05-27 13:28:28.291356100+00:00,2026-05-27 15:46:34.055727600+00:00,6210,0.8667538404243094,18952836,Navad Urmia FC,Ario Eslamshahr,Azadegan League,3,2026-05-27T13:15:00Z,2026-05-27
1896,1482,0,0,0,8,0,2026-05-27 12:55:20.477263900+00:00,2026-05-27 15:16:03.983011200+00:00,5754,0.8989293892698971,18952840,Niroye Zamini,Havadar SC,Azadegan League,3,2026-05-27T13:15:00Z,2026-05-27
2051,1459,3,3,0,34,0,2026-05-27 19:10:21.025661700+00:00,2026-05-27 21:15:24.005366900+00:00,5713,0.9604591216910694,18952842,Fylkir,Leiknir Reykjavik,1. Deild,3,2026-05-27T19:15:00Z,2026-05-27
1293,798,2,1,1,2,0,2026-05-27 07:25:20.515679400+00:00,2026-05-27 09:37:16.619733900+00:00,5860,0.9344143038499184,18952844,Stallion F.C.,Dynamic Herb Cebu FC,PFL,3,2026-05-27T07:30:00Z,2026-05-27
1854,1465,2,0,2,7,1,2026-05-27 12:55:20.132982300+00:00,2026-05-27 15:16:05.357802200+00:00,5908,0.8364733343706964,18952845,Shahrdari Noshahr,F.C. Pars Jonoubi Jam,Azadegan League,3,2026-05-27T13:00:00Z,2026-05-27
282,263,2,2,0,0,0,2026-05-27 13:39:34.420864600+00:00,2026-05-27 15:58:16.923690300+00:00,5880,0.8060861351780712,18952850,Besat Kermanshah F.C.,Shenavar Sazi Qeshm,Azadegan League,3,2026-05-27T13:30:00Z,2026-05-27
1130,1030,1,0,1,0,0,2026-05-27 13:35:49.651222800+00:00,2026-05-27 15:31:41.485210200+00:00,5730,0.7783908129449684,18952851,Damash Gilan,Naft Gachsaran,Azadegan League,3,2026-05-27T13:30:00Z,2026-05-27
113,103,3,1,2,0,0,2026-05-27 00:12:15.293519500+00:00,2026-05-27 02:02:54.825980800+00:00,5640,1.0,18952854,Texoma Fc,Mckinney Chupacabras,USL League Two,3,2026-05-27T00:00:00Z,2026-05-27
2339,1519,2,2,0,11,0,2026-05-27 21:55:21.798430100+00:00,2026-05-28 00:47:43.426860500+00:00,5760,0.9341589450551416,18959836,Fluminense RJ W,Minas ICESP W,Copa do Brasil Women,3,2026-05-27T22:00:00Z,2026-05-27
2338,1589,1,0,1,4,0,2026-05-27 22:25:22.657384800+00:00,2026-05-28 00:32:43.310217600+00:00,5836,0.9295046232968964,18959837,Planalto Ec Go W,Bahia W,Copa do Brasil Women,3,2026-05-27T22:30:00Z,2026-05-27
16053,2755,3,2,1,39,0,2026-05-28 00:15:34.607777600+00:00,2026-05-28 02:36:09.273364+00:00,5720,0.7368799005615294,18746260,Red Bull Bragantino,Carabobo FC,Copa Sudamericana,3,2026-05-28T00:30:00Z,2026-05-28
8762,2666,3,3,0,15,0,2026-05-28 00:16:34.795658600+00:00,2026-05-28 03:05:53.758682900+00:00,5591,0.7274081612395333,18746261,Club Atletico River Plate Argentina,Blooming,Copa Sudamericana,3,2026-05-28T00:30:00Z,2026-05-28
19315,2768,1,0,1,38,0,2026-05-28 00:16:54.315580200+00:00,2026-05-28 02:36:06.741136600+00:00,5710,0.7326667614894382,18962589,Penarol de Montevideo,Independiente Santa Fe,CONMEBOL Copa Libertadores,3,2026-05-28T00:30:00Z,2026-05-28
2101,1457,5,3,2,1,0,2026-05-28 09:55:20.746771+00:00,2026-05-28 12:00:07.135797900+00:00,5874,0.9002536493525954,18963491,Paro FC,Transport United,Bhutan - Premier League,3,2026-05-28T10:00:00Z,2026-05-28
2088,1376,7,3,4,34,0,2026-05-28 00:25:19.824314600+00:00,2026-05-28 02:32:05.552026500+00:00,5736,0.8863093401986141,18963505,ABC,Esporte Clube Vitoria,Copa do Nordeste,3,2026-05-28T00:30:00Z,2026-05-28
2294,1503,2,0,2,28,6,2026-05-28 00:25:20.526435300+00:00,2026-05-28 02:37:55.301631200+00:00,5880,0.9113826644422246,18963509,Sport Club Recife PE,Fortaleza,Copa do Nordeste,3,2026-05-28T00:30:00Z,2026-05-28
13087,2417,4,3,1,0,0,2026-05-28 00:16:16.296582800+00:00,2026-05-28 02:35:07.157816300+00:00,5694,0.7426100540825077,18963516,Fluminense FC,Deportivo La Guaira,CONMEBOL Copa Libertadores,3,2026-05-28T00:30:00Z,2026-05-28
2036,1489,5,3,2,6,0,2026-05-28 02:25:19.710830900+00:00,2026-05-28 04:26:26.481827700+00:00,5647,0.9431450231164498,18963519,Stars Fc,Amsg Fc,USL League Two,3,2026-05-28T02:30:00Z,2026-05-28
611,598,5,1,4,0,0,2026-05-28 00:00:47.794430600+00:00,2026-05-28 01:54:50.590787700+00:00,5760,0.984156041954143,18963521,St. Croix SC,Minneapolis City,USL League Two,3,2026-05-28T00:00:00Z,2026-05-28
2219,1442,0,0,0,4,0,2026-05-27 23:55:21.594143300+00:00,2026-05-28 02:02:41.175173+00:00,5585,0.9175543520837505,18963523,River Light Sc,RKC Third Coast,USL League Two,3,2026-05-28T00:00:00Z,2026-05-28
10229,2580,2,0,2,51,0,2026-05-28 00:17:03.111214400+00:00,2026-05-28 02:46:29.922932+00:00,5840,0.7202879901081094,18969240,Corinthians SP,Platense,CONMEBOL Copa Libertadores,3,2026-05-28T00:30:00Z,2026-05-28
12195,3029,4,1,3,54,0,2026-05-28 00:16:44.216371900+00:00,2026-05-28 03:02:37.177646100+00:00,5783,0.733666318238274,18979379,Club Bolivar,Independiente Rivadavia,CONMEBOL Copa Libertadores,3,2026-05-28T00:30:00Z,2026-05-28
2797,2136,4,2,2,45,0,2026-05-28 09:55:20.237150500+00:00,2026-05-28 11:57:12.035657600+00:00,5853,0.7381073698493019,18999021,Okzhetpes,FK Aktobe,Premier League,3,2026-05-28T10:00:00Z,2026-05-28
40,20,3,1,2,0,0,2026-05-28 01:01:56.528594700+00:00,2026-05-28 03:00:05.698665500+00:00,5400,0.9506693758042719,19009072,Oakville,International Fc,League 1 Ontario,3,2026-05-28T01:00:00Z,2026-05-28
139,122,1,0,1,0,0,2026-05-25 13:56:53.733908500+00:00,2026-05-28 06:30:12.340803900+00:00,6840,0.9964028776978417,19010303,Midwest United,Kalamazoo,USL League Two,3,2026-05-28T00:00:00Z,2026-05-28
6,1,3,1,3,0,0,2026-05-28 03:06:56.222045800+00:00,2026-05-28 03:21:09.770538300+00:00,5400,1.0,19011292,Universitario Tarija,Union Tarija,Regional League,3,2026-05-28T00:30:00Z,2026-05-28
1674,1453,2,0,2,1,0,2026-05-28 00:25:19.565351+00:00,2026-05-28 02:27:25.612283600+00:00,5669,0.9809149379925391,19013983,Sv Atlantico Deportivo,SV Deportivo Nacional,Division di Honor,3,2026-05-28T00:30:00Z,2026-05-28
41343,1353,2,0,2,9,0,2026-05-28 00:55:20.583204300+00:00,2026-05-28 03:14:33.317226900+00:00,5751,0.955257342358143,19018309,Athletic Boise,Sarasota Paradise,USL League One,3,2026-05-28T01:00:00Z,2026-05-28
11960,1490,2,2,0,20,0,2026-05-28 00:55:20.717714+00:00,2026-05-28 03:14:33.160812800+00:00,5750,0.8788633256451046,19018402,El Paso Locomotive,Av Alta Fc,USL League One Cup,3,2026-05-28T01:00:00Z,2026-05-28
1588,1335,3,1,2,0,0,2026-05-28 01:00:23.181910+00:00,2026-05-28 02:58:00.626706+00:00,5573,0.9912088885693642,19019085,Brittons Hill United FC,Ellerton,Premier League,3,2026-05-28T01:00:00Z,2026-05-28
416,402,3,0,3,0,0,2026-05-28 07:12:44.215328900+00:00,2026-05-28 08:51:56.231520200+00:00,5640,0.9904031964561179,19019449,Jinan Quansheng United,Shaanxi Lianteng,Champions League,3,2026-05-28T07:00:00Z,2026-05-28
422,408,1,0,1,0,0,2026-05-28 07:15:17.551506800+00:00,2026-05-28 08:51:50.746780800+00:00,5640,0.9929047329249023,19019450,Beijing Smart Sky,Shandong Qiutan,Champions League,3,2026-05-28T07:00:00Z,2026-05-28
1658,1172,2,2,0,15,3,2026-05-28 00:25:20.402876+00:00,2026-05-28 02:30:34.489613800+00:00,5729,0.8681931362820701,19021457,PR Surf,Ponce,National League,3,2026-05-28T00:30:00Z,2026-05-28
1560,1180,6,2,4,6,0,2026-05-28 00:25:19.727818400+00:00,2026-05-28 02:26:06.393787300+00:00,5820,0.8601468776843245,19021475,Edusoccer,Academia Quintana,National League,3,2026-05-28T00:30:00Z,2026-05-28
1970,1535,8,4,4,6,0,2026-05-28 01:25:20.530054500+00:00,2026-05-28 03:33:39.709655700+00:00,5843,0.9398893621808915,19022088,San Francisco City,Marin FC Legends,USL League Two,3,2026-05-28T01:30:00Z,2026-05-28
1608,1118,2,2,0,7,1,2026-05-28 06:55:20.430497300+00:00,2026-05-28 08:55:59.614969600+00:00,5650,0.9810438696805281,19024895,Auckland FC Reserves,Auckland United,Northern League,3,2026-05-28T07:00:00Z,2026-05-28
2090,1500,1,0,1,7,1,2026-05-28 06:55:20.581121400+00:00,2026-05-28 08:57:29.773100900+00:00,5666,0.9844795974174987,19024896,Melville United,Tauranga City United,Northern League,3,2026-05-28T07:00:00Z,2026-05-28
2045,1528,4,3,1,1,0,2026-05-28 06:55:20.420015700+00:00,2026-05-28 09:01:34.851780100+00:00,5695,0.9792787161908043,19024897,Birkenhead United,East Coast Bays,Northern League,3,2026-05-28T07:00:00Z,2026-05-28
884,581,3,2,1,3,0,2026-05-28 08:25:20.372003400+00:00,2026-05-28 10:55:26.879134600+00:00,5640,0.9921587865234271,19025377,Hanoi II FC,Da Nang II,Division 2,3,2026-05-28T08:30:00Z,2026-05-28
1362,1041,0,0,0,6,1,2026-05-28 07:55:19.978893600+00:00,2026-05-28 09:57:31.619947700+00:00,5820,0.9379977215970363,19025390,Truong Giang,Dak Lak FC,Division 2,3,2026-05-28T08:00:00Z,2026-05-28
293,280,4,2,2,0,0,2026-05-28 09:10:06.975461800+00:00,2026-05-28 10:23:26.123620200+00:00,5640,0.9866017356782507,19025401,Quang Ngai FC,Fico Tay Ninh,Division 2,3,2026-05-28T08:30:00Z,2026-05-28
1206,919,3,0,3,5,0,2026-05-28 08:55:20.597965800+00:00,2026-05-28 10:56:00.914102600+00:00,5708,0.8978857575719904,19025767,Phu Dong Youth,Hue FC,Division 2,3,2026-05-28T09:00:00Z,2026-05-28
1586,1205,6,6,0,2,0,2026-05-28 08:55:20.593313+00:00,2026-05-28 11:02:50.825510800+00:00,5414,0.924576196592304,19025796,Kf Balkani U21,Kf Dukagjini U21,Super League U21,3,2026-05-28T09:00:00Z,2026-05-28
37,28,0,0,0,0,0,2026-05-28 09:17:52.329291900+00:00,2026-05-28 10:02:59.157687300+00:00,5400,1.0,19026900,France,Italy,Minifootball 6X6 EMF Euro,3,2026-05-28T09:00:00Z,2026-05-28
51,36,3,4,0,0,0,2026-05-28 10:15:43.926897300+00:00,2026-05-28 11:19:23.868267400+00:00,5400,1.0,19026910,Ukraine,Belgium,Minifootball 6X6 EMF Euro,3,2026-05-28T10:15:00Z,2026-05-28
1711,1128,5,3,2,9,0,2026-05-28 00:55:20.092547200+00:00,2026-05-28 02:54:06.811443800+00:00,5700,0.8165010714981492,19028971,Fc Panama Norte,AF Chilibre,Liga de Futbol Nacional (LFN),3,2026-05-28T01:00:00Z,2026-05-28
5,1,4,2,5,0,0,2026-05-28 01:16:04.020421400+00:00,2026-05-28 01:16:04.022941900+00:00,5400,1.0,19030728,Netherlands (andrew),Argentina (odin),E-Football | Adriatic League (E) | 2x5 Minutes,3,2026-05-28T00:00:00Z,2026-05-28
5,1,5,4,4,0,0,2026-05-28 01:17:05.107214+00:00,2026-05-28 01:17:05.109764500+00:00,5400,1.0,19030877,Netherlands (haidan),Italy (gael),E-Football | Adriatic League (E) | 2x5 Minutes,3,2026-05-28T00:05:00Z,2026-05-28
5,1,4,5,3,0,0,2026-05-28 01:17:25.086855800+00:00,2026-05-28 01:17:25.090921+00:00,5400,1.0,19030969,Argentina (conde),Italy (gael),E-Football | Adriatic League (E) | 2x5 Minutes,3,2026-05-28T00:20:00Z,2026-05-28
5,1,2,3,1,0,0,2026-05-28 01:17:25.091004200+00:00,2026-05-28 01:17:25.094792100+00:00,5400,1.0,19030970,Spain (dexter),Argentina (odin),E-Football | Adriatic League (E) | 2x5 Minutes,3,2026-05-28T00:15:00Z,2026-05-28
